-- phpMyAdmin SQL Dump
-- version 4.8.0.1
-- https://www.phpmyadmin.net/
--
-- Host: 127.0.0.1
-- Generation Time: Jun 28, 2018 at 03:12 PM
-- Server version: 10.1.32-MariaDB
-- PHP Version: 5.6.36

SET SQL_MODE = "NO_AUTO_VALUE_ON_ZERO";
SET AUTOCOMMIT = 0;
START TRANSACTION;
SET time_zone = "+00:00";


/*!40101 SET @OLD_CHARACTER_SET_CLIENT=@@CHARACTER_SET_CLIENT */;
/*!40101 SET @OLD_CHARACTER_SET_RESULTS=@@CHARACTER_SET_RESULTS */;
/*!40101 SET @OLD_COLLATION_CONNECTION=@@COLLATION_CONNECTION */;
/*!40101 SET NAMES utf8mb4 */;

--
-- Database: `web_project`
--

-- --------------------------------------------------------

--
-- Table structure for table `chitietdonhang`
--

CREATE TABLE `chitietdonhang` (
  `STTDonHang` int(11) NOT NULL,
  `STTSanPham` int(11) NOT NULL,
  `SoLuong` int(11) NOT NULL
) ENGINE=InnoDB DEFAULT CHARSET=utf8mb4 COLLATE=utf8mb4_unicode_ci;

--
-- Dumping data for table `chitietdonhang`
--

INSERT INTO `chitietdonhang` (`STTDonHang`, `STTSanPham`, `SoLuong`) VALUES
(1, 2, 1),
(1, 13, 1),
(2, 8, 1),
(2, 20, 1);

-- --------------------------------------------------------

--
-- Table structure for table `donhang`
--

CREATE TABLE `donhang` (
  `STTDonHang` int(11) NOT NULL,
  `STTTaiKhoan` int(11) NOT NULL,
  `NguoiNhan` varchar(50) COLLATE utf8mb4_unicode_ci NOT NULL,
  `DiaChi` varchar(100) COLLATE utf8mb4_unicode_ci NOT NULL,
  `TinhTrang` varchar(20) COLLATE utf8mb4_unicode_ci NOT NULL
) ENGINE=InnoDB DEFAULT CHARSET=utf8mb4 COLLATE=utf8mb4_unicode_ci;

--
-- Dumping data for table `donhang`
--

INSERT INTO `donhang` (`STTDonHang`, `STTTaiKhoan`, `NguoiNhan`, `DiaChi`, `TinhTrang`) VALUES
(1, 1, 'Nguyễn Văn A', '145 Đường số 13 Phường 4 Quận 8', 'Delivered'),
(2, 1, 'Nguyễn Văn B', '227 Nguyễn Văn Cừ Quận 5', 'Being Delivered'),
(9, 1, 'Nguyễn Văn A', '227 Nguyễn Văn Cừ Quận 5 TPHCM', 'Being Delivered');

-- --------------------------------------------------------

--
-- Table structure for table `hangsp`
--

CREATE TABLE `hangsp` (
  `STTHang` int(11) NOT NULL,
  `TenHang` varchar(100) COLLATE utf8mb4_unicode_ci NOT NULL
) ENGINE=InnoDB DEFAULT CHARSET=utf8mb4 COLLATE=utf8mb4_unicode_ci;

--
-- Dumping data for table `hangsp`
--

INSERT INTO `hangsp` (`STTHang`, `TenHang`) VALUES
(1, 'SamSung'),
(2, 'Apple'),
(3, 'Lenovo'),
(4, 'Oppo'),
(5, 'Huawei'),
(6, 'Itel'),
(7, 'Zenfone'),
(8, 'Asus'),
(9, 'Nokia');

-- --------------------------------------------------------

--
-- Table structure for table `loaisp`
--

CREATE TABLE `loaisp` (
  `STTLoai` int(11) NOT NULL,
  `TenLoai` varchar(100) COLLATE utf8mb4_unicode_ci NOT NULL
) ENGINE=InnoDB DEFAULT CHARSET=utf8mb4 COLLATE=utf8mb4_unicode_ci;

--
-- Dumping data for table `loaisp`
--

INSERT INTO `loaisp` (`STTLoai`, `TenLoai`) VALUES
(1, 'Mobile'),
(2, 'Tablet');

-- --------------------------------------------------------

--
-- Table structure for table `sanpham`
--

CREATE TABLE `sanpham` (
  `STTSanPham` int(11) NOT NULL,
  `TenSP` varchar(100) COLLATE utf8mb4_unicode_ci NOT NULL,
  `STTLoai` int(11) NOT NULL,
  `STTHang` int(11) NOT NULL,
  `ThongTinSP` varchar(2000) COLLATE utf8mb4_unicode_ci NOT NULL,
  `SoLuong` int(11) NOT NULL,
  `LuotXem` int(11) NOT NULL,
  `LuotMua` int(11) NOT NULL,
  `GiaBan` int(11) NOT NULL,
  `NgayNhapHang` date NOT NULL
) ENGINE=InnoDB DEFAULT CHARSET=utf8mb4 COLLATE=utf8mb4_unicode_ci;

--
-- Dumping data for table `sanpham`
--

INSERT INTO `sanpham` (`STTSanPham`, `TenSP`, `STTLoai`, `STTHang`, `ThongTinSP`, `SoLuong`, `LuotXem`, `LuotMua`, `GiaBan`, `NgayNhapHang`) VALUES
(1, 'Asus Zenfone 2 Go ZB500KG', 1, 8, '<tr>\r\n                            <td style=\"background-color: #f2f2f2;\">Screen</td>\r\n                            <td>IPS LCD, 5\", FWVGA</td>\r\n                        </tr>\r\n                        <tr>\r\n                            <td style=\"background-color: #f2f2f2;\">OS</td>\r\n                            <td>Android 5.1 (Lollipop)</td>\r\n                        </tr>\r\n                        <tr>\r\n                            <td style=\"background-color: #f2f2f2;\">Back Camera</td>\r\n                            <td>8 MP</td>\r\n                        </tr>\r\n                        <tr>\r\n                            <td style=\"background-color: #f2f2f2;\">Front Camera</td>\r\n                            <td>2 MP</td>\r\n                        </tr>\r\n                        <tr>\r\n                            <td style=\"background-color: #f2f2f2;\">CPU</td>\r\n                            <td>Qualcomm Snapdragon 200 4 core 32-bit</td>\r\n                        </tr>\r\n                        <tr>\r\n                            <td style=\"background-color: #f2f2f2;\">RAM</td>\r\n                            <td>1 GB</td>\r\n                        </tr>\r\n                        <tr>\r\n                            <td style=\"background-color: #f2f2f2;\">ROM</td>\r\n                            <td>8 GB</td>\r\n                        </tr>\r\n			<tr>\r\n                            <td style=\"background-color: #f2f2f2;\">Memory Card</td>\r\n                            <td>MicroSD, 128 GB</td>\r\n                        </tr>\r\n			<tr>\r\n                            <td style=\"background-color: #f2f2f2;\">SIM Card</td>\r\n                            <td>2 Micro SIM</td>\r\n                        </tr>\r\n                        <tr>\r\n                            <td style=\"background-color: #f2f2f2;\">Battery Capacity</td>\r\n                            <td>1810 mAh</td>\r\n                        </tr>', 5, 512, 89, 1387000, '2018-06-01'),
(2, 'Asus Zenfone 4 Max Pro ZC554KL', 1, 8, '<tr>\r\n                            <td style=\"background-color: #f2f2f2;\">Screen</td>\r\n                            <td>IPS LCD, 5.5\", HD</td>\r\n                        </tr>\r\n                        <tr>\r\n                            <td style=\"background-color: #f2f2f2;\">OS</td>\r\n                            <td>Android 7.1 (Nougat)</td>\r\n                        </tr>\r\n                        <tr>\r\n                            <td style=\"background-color: #f2f2f2;\">Back Camera</td>\r\n                            <td>16 MP và 5 MP (2 camera)</td>\r\n                        </tr>\r\n                        <tr>\r\n                            <td style=\"background-color: #f2f2f2;\">Front Camera</td>\r\n                            <td>16 MP</td>\r\n                        </tr>\r\n                        <tr>\r\n                            <td style=\"background-color: #f2f2f2;\">CPU</td>\r\n                            <td>Qualcomm Snapdragon 430 8 core 64 bit</td>\r\n                        </tr>\r\n                        <tr>\r\n                            <td style=\"background-color: #f2f2f2;\">RAM</td>\r\n                            <td>3 GB</td>\r\n                        </tr>\r\n                        <tr>\r\n                            <td style=\"background-color: #f2f2f2;\">ROM</td>\r\n                            <td>32 GB</td>\r\n                        </tr>\r\n			<tr>\r\n                            <td style=\"background-color: #f2f2f2;\">Memory Card</td>\r\n                            <td>MicroSD, 256 GB</td>\r\n                        </tr>\r\n			<tr>\r\n                            <td style=\"background-color: #f2f2f2;\">SIM Card</td>\r\n                            <td>2 Nano SIM</td>\r\n                        </tr>\r\n                        <tr>\r\n                            <td style=\"background-color: #f2f2f2;\">Battery Capacity</td>\r\n                            <td>1810 mAh</td>\r\n                        </tr>', 4, 634, 45, 3990000, '2018-05-01'),
(3, 'Asus Zenfone 4 Max ZC520KL', 1, 8, '<tr>\r\n                            <td style=\"background-color: #f2f2f2;\">Screen</td>\r\n                            <td>IPS LCD, 5.2\", HD</td>\r\n                        </tr>\r\n                        <tr>\r\n                            <td style=\"background-color: #f2f2f2;\">OS</td>\r\n                            <td>Android 7.1 (Nougat)</td>\r\n                        </tr>\r\n                        <tr>\r\n                            <td style=\"background-color: #f2f2f2;\">Back Camera</td>\r\n                            <td>13 MP và 5 MP (2 camera)</td>\r\n                        </tr>\r\n                        <tr>\r\n                            <td style=\"background-color: #f2f2f2;\">Front Camera</td>\r\n                            <td>8 MP</td>\r\n                        </tr>\r\n                        <tr>\r\n                            <td style=\"background-color: #f2f2f2;\">CPU</td>\r\n                            <td>Qualcomm Snapdragon 425 4 core 64 bit</td>\r\n                        </tr>\r\n                        <tr>\r\n                            <td style=\"background-color: #f2f2f2;\">RAM</td>\r\n                            <td>3 GB</td>\r\n                        </tr>\r\n                        <tr>\r\n                            <td style=\"background-color: #f2f2f2;\">ROM</td>\r\n                            <td>32 GB</td>\r\n                        </tr>\r\n			<tr>\r\n                            <td style=\"background-color: #f2f2f2;\">Memory Card</td>\r\n                            <td>MicroSD, 256 GB</td>\r\n                        </tr>\r\n			<tr>\r\n                            <td style=\"background-color: #f2f2f2;\">SIM Card</td>\r\n                            <td>2 Nano SIM</td>\r\n                        </tr>\r\n                        <tr>\r\n                            <td style=\"background-color: #f2f2f2;\">Battery Capacity</td>\r\n                            <td>4100 mAh</td>\r\n                        </tr>', 6, 655, 78, 2990000, '2018-04-01'),
(4, 'Asus Zenfone Live ZB501KL', 1, 8, '<tr>\r\n                            <td style=\"background-color: #f2f2f2;\">Screen</td>\r\n                            <td>IPS LCD, 5\", HD</td>\r\n                        </tr>\r\n                        <tr>\r\n                            <td style=\"background-color: #f2f2f2;\">OS</td>\r\n                            <td>Android 6.0 (Marshmallow)</td>\r\n                        </tr>\r\n                        <tr>\r\n                            <td style=\"background-color: #f2f2f2;\">Back Camera</td>\r\n                            <td>13 MP</td>\r\n                        </tr>\r\n                        <tr>\r\n                            <td style=\"background-color: #f2f2f2;\">Front Camera</td>\r\n                            <td>5 MP</td>\r\n                        </tr>\r\n                        <tr>\r\n                            <td style=\"background-color: #f2f2f2;\">CPU</td>\r\n                            <td>Qualcomm Snapdragon 400 4 core 32 bit</td>\r\n                        </tr>\r\n                        <tr>\r\n                            <td style=\"background-color: #f2f2f2;\">RAM</td>\r\n                            <td>2 GB</td>\r\n                        </tr>\r\n                        <tr>\r\n                            <td style=\"background-color: #f2f2f2;\">ROM</td>\r\n                            <td>16 GB</td>\r\n                        </tr>\r\n			<tr>\r\n                            <td style=\"background-color: #f2f2f2;\">Memory Card</td>\r\n                            <td>MicroSD, 128 GB</td>\r\n                        </tr>\r\n			<tr>\r\n                            <td style=\"background-color: #f2f2f2;\">SIM Card</td>\r\n                            <td>2 Nano SIM</td>\r\n                        </tr>\r\n                        <tr>\r\n                            <td style=\"background-color: #f2f2f2;\">Battery Capacity</td>\r\n                            <td>2650 mAh</td>\r\n                        </tr>', 10, 545, 76, 2390000, '2018-03-01'),
(5, 'Asus Zenfone Max Plus M1 - ZB570TL', 1, 8, '<tr>\r\n                            <td style=\"background-color: #f2f2f2;\">Screen</td>\r\n                            <td>IPS LCD, 5.7\", Full HD+</td>\r\n                        </tr>\r\n                        <tr>\r\n                            <td style=\"background-color: #f2f2f2;\">OS</td>\r\n                            <td>Android 7.0 (Nougat)</td>\r\n                        </tr>\r\n                        <tr>\r\n                            <td style=\"background-color: #f2f2f2;\">Back Camera</td>\r\n                            <td>16 MP và 8 MP (2 camera)</td>\r\n                        </tr>\r\n                        <tr>\r\n                            <td style=\"background-color: #f2f2f2;\">Front Camera</td>\r\n                            <td>8 MP</td>\r\n                        </tr>\r\n                        <tr>\r\n                            <td style=\"background-color: #f2f2f2;\">CPU</td>\r\n                            <td>MT6750T 8 core 64-bit</td>\r\n                        </tr>\r\n                        <tr>\r\n                            <td style=\"background-color: #f2f2f2;\">RAM</td>\r\n                            <td>3 GB</td>\r\n                        </tr>\r\n                        <tr>\r\n                            <td style=\"background-color: #f2f2f2;\">ROM</td>\r\n                            <td>32 GB</td>\r\n                        </tr>\r\n			<tr>\r\n                            <td style=\"background-color: #f2f2f2;\">Memory Card</td>\r\n                            <td>MicroSD, 256 GB</td>\r\n                        </tr>\r\n			<tr>\r\n                            <td style=\"background-color: #f2f2f2;\">SIM Card</td>\r\n                            <td>2 Nano SIM</td>\r\n                        </tr>\r\n                        <tr>\r\n                            <td style=\"background-color: #f2f2f2;\">Battery Capacity</td>\r\n                            <td>4130 mAh</td>\r\n                        </tr>', 7, 435, 34, 4490000, '2018-02-01'),
(6, 'Huawei Nova 2i', 1, 5, '<tr>\r\n                            <td style=\"background-color: #f2f2f2;\">Screen</td>\r\n                            <td>IPS LCD, 5.8\", HD</td>\r\n                        </tr>\r\n                        <tr>\r\n                            <td style=\"background-color: #f2f2f2;\">OS</td>\r\n                            <td>Android 7.0 (Nougat)</td>\r\n                        </tr>\r\n                        <tr>\r\n                            <td style=\"background-color: #f2f2f2;\">Back Camera</td>\r\n                            <td>16 MP và 2 MP (2 camera)</td>\r\n                        </tr>\r\n                        <tr>\r\n                            <td style=\"background-color: #f2f2f2;\">Front Camera</td>\r\n                            <td>13 MP</td>\r\n                        </tr>\r\n                        <tr>\r\n                            <td style=\"background-color: #f2f2f2;\">CPU</td>\r\n                            <td>HiSilicon Kirin 659</td>\r\n                        </tr>\r\n                        <tr>\r\n                            <td style=\"background-color: #f2f2f2;\">RAM</td>\r\n                            <td>4 GB</td>\r\n                        </tr>\r\n                        <tr>\r\n                            <td style=\"background-color: #f2f2f2;\">ROM</td>\r\n                            <td>64 GB</td>\r\n                        </tr>\r\n			<tr>\r\n                            <td style=\"background-color: #f2f2f2;\">Memory Card</td>\r\n                            <td>MicroSD, 128 GB</td>\r\n                        </tr>\r\n			<tr>\r\n                            <td style=\"background-color: #f2f2f2;\">SIM Card</td>\r\n                            <td>2 Nano SIM</td>\r\n                        </tr>\r\n                        <tr>\r\n                            <td style=\"background-color: #f2f2f2;\">Battery Capacity</td>\r\n                            <td>3340 mAh</td>\r\n                        </tr>', 4, 656, 45, 4990000, '2018-06-01'),
(7, 'Huawei Nova 3e', 1, 5, '<tr>\r\n                            <td style=\"background-color: #f2f2f2;\">Screen</td>\r\n                            <td>IPS LCD, 5.8\", HD</td>\r\n                        </tr>\r\n                        <tr>\r\n                            <td style=\"background-color: #f2f2f2;\">OS</td>\r\n                            <td>Android 8.0 (Oreo)</td>\r\n                        </tr>\r\n                        <tr>\r\n                            <td style=\"background-color: #f2f2f2;\">Back Camera</td>\r\n                            <td>16 MP và 2 MP (2 camera)</td>\r\n                        </tr>\r\n                        <tr>\r\n                            <td style=\"background-color: #f2f2f2;\">Front Camera</td>\r\n                            <td>16 MP</td>\r\n                        </tr>\r\n                        <tr>\r\n                            <td style=\"background-color: #f2f2f2;\">CPU</td>\r\n                            <td>HiSilicon Kirin 659</td>\r\n                        </tr>\r\n                        <tr>\r\n                            <td style=\"background-color: #f2f2f2;\">RAM</td>\r\n                            <td>4 GB</td>\r\n                        </tr>\r\n                        <tr>\r\n                            <td style=\"background-color: #f2f2f2;\">ROM</td>\r\n                            <td>64 GB</td>\r\n                        </tr>\r\n			<tr>\r\n                            <td style=\"background-color: #f2f2f2;\">Memory Card</td>\r\n                            <td>MicroSD, 256 GB</td>\r\n                        </tr>\r\n			<tr>\r\n                            <td style=\"background-color: #f2f2f2;\">SIM Card</td>\r\n                            <td>2 Nano SIM</td>\r\n                        </tr>\r\n                        <tr>\r\n                            <td style=\"background-color: #f2f2f2;\">Battery Capacity</td>\r\n                            <td>3000 mAh</td>\r\n                        </tr>', 9, 454, 56, 6990000, '2018-05-01'),
(8, 'Huawei P20', 1, 5, '<tr>\r\n                            <td style=\"background-color: #f2f2f2;\">Screen</td>\r\n                            <td>IPS LCD, 5.8\", HD</td>\r\n                        </tr>\r\n                        <tr>\r\n                            <td style=\"background-color: #f2f2f2;\">OS</td>\r\n                            <td>Android 8.1 (Oreo)</td>\r\n                        </tr>\r\n                        <tr>\r\n                            <td style=\"background-color: #f2f2f2;\">Back Camera</td>\r\n                            <td>16 MP và 20 MP (2 camera)</td>\r\n                        </tr>\r\n                        <tr>\r\n                            <td style=\"background-color: #f2f2f2;\">Front Camera</td>\r\n                            <td>24 MP</td>\r\n                        </tr>\r\n                        <tr>\r\n                            <td style=\"background-color: #f2f2f2;\">CPU</td>\r\n                            <td>Hisilicon Kirin 970</td>\r\n                        </tr>\r\n                        <tr>\r\n                            <td style=\"background-color: #f2f2f2;\">RAM</td>\r\n                            <td>4 GB</td>\r\n                        </tr>\r\n                        <tr>\r\n                            <td style=\"background-color: #f2f2f2;\">ROM</td>\r\n                            <td>128 GB</td>\r\n                        </tr>\r\n			<tr>\r\n                            <td style=\"background-color: #f2f2f2;\">Memory Card</td>\r\n                            <td>MicroSD, 256 GB</td>\r\n                        </tr>\r\n			<tr>\r\n                            <td style=\"background-color: #f2f2f2;\">SIM Card</td>\r\n                            <td>2 Nano SIM</td>\r\n                        </tr>\r\n                        <tr>\r\n                            <td style=\"background-color: #f2f2f2;\">Battery Capacity</td>\r\n                            <td>3400 mAh</td>\r\n                        </tr>', 7, 809, 67, 7290000, '2018-04-01'),
(9, 'Huawei Y7 Pro 2018', 1, 5, '<tr>\r\n                            <td style=\"background-color: #f2f2f2;\">Screen</td>\r\n                            <td>IPS LCD, 5.99\", HD</td>\r\n                        </tr>\r\n                        <tr>\r\n                            <td style=\"background-color: #f2f2f2;\">OS</td>\r\n                            <td>Android 8.0 (Oreo)</td>\r\n                        </tr>\r\n                        <tr>\r\n                            <td style=\"background-color: #f2f2f2;\">Back Camera</td>\r\n                            <td>13 MP và 2 MP (2 camera)</td>\r\n                        </tr>\r\n                        <tr>\r\n                            <td style=\"background-color: #f2f2f2;\">Front Camera</td>\r\n                            <td>8 MP</td>\r\n                        </tr>\r\n                        <tr>\r\n                            <td style=\"background-color: #f2f2f2;\">CPU</td>\r\n                            <td>Qualcomm MSM8937 Snapdragon 430</td>\r\n                        </tr>\r\n                        <tr>\r\n                            <td style=\"background-color: #f2f2f2;\">RAM</td>\r\n                            <td>3 GB</td>\r\n                        </tr>\r\n                        <tr>\r\n                            <td style=\"background-color: #f2f2f2;\">ROM</td>\r\n                            <td>32 GB</td>\r\n                        </tr>\r\n			<tr>\r\n                            <td style=\"background-color: #f2f2f2;\">Memory Card</td>\r\n                            <td>MicroSD, 256 GB</td>\r\n                        </tr>\r\n			<tr>\r\n                            <td style=\"background-color: #f2f2f2;\">SIM Card</td>\r\n                            <td>2 Nano SIM</td>\r\n                        </tr>\r\n                        <tr>\r\n                            <td style=\"background-color: #f2f2f2;\">Battery Capacity</td>\r\n                            <td>3000 mAh</td>\r\n                        </tr>', 12, 767, 56, 3990000, '2018-03-01'),
(10, 'Huawei Y5 2017', 1, 5, '<tr>\r\n                            <td style=\"background-color: #f2f2f2;\">Screen</td>\r\n                            <td>IPS LCD, 5.0\", HD</td>\r\n                        </tr>\r\n                        <tr>\r\n                            <td style=\"background-color: #f2f2f2;\">OS</td>\r\n                            <td>Android 6.0 (Marshmallow)</td>\r\n                        </tr>\r\n                        <tr>\r\n                            <td style=\"background-color: #f2f2f2;\">Back Camera</td>\r\n                            <td>16 MP và 2 MP (2 camera)</td>\r\n                        </tr>\r\n                        <tr>\r\n                            <td style=\"background-color: #f2f2f2;\">Front Camera</td>\r\n                            <td>8 MP</td>\r\n                        </tr>\r\n                        <tr>\r\n                            <td style=\"background-color: #f2f2f2;\">CPU</td>\r\n                            <td>Mediatek MT6737T</td>\r\n                        </tr>\r\n                        <tr>\r\n                            <td style=\"background-color: #f2f2f2;\">RAM</td>\r\n                            <td>2 GB</td>\r\n                        </tr>\r\n                        <tr>\r\n                            <td style=\"background-color: #f2f2f2;\">ROM</td>\r\n                            <td>16 GB</td>\r\n                        </tr>\r\n			<tr>\r\n                            <td style=\"background-color: #f2f2f2;\">Memory Card</td>\r\n                            <td>MicroSD, 256 GB</td>\r\n                        </tr>\r\n			<tr>\r\n                            <td style=\"background-color: #f2f2f2;\">SIM Card</td>\r\n                            <td>2 Nano SIM</td>\r\n                        </tr>\r\n                        <tr>\r\n                            <td style=\"background-color: #f2f2f2;\">Battery Capacity</td>\r\n                            <td>3000 mAh</td>\r\n                        </tr>', 9, 676, 100, 2790000, '2018-02-01'),
(11, 'IPhone X 256GB', 1, 2, '<tr>\r\n                            <td style=\"background-color: #f2f2f2;\">Screen</td>\r\n                            <td>OLED, 5.8\", Super Retina</td>\r\n                        </tr>\r\n                        <tr>\r\n                            <td style=\"background-color: #f2f2f2;\">OS</td>\r\n                            <td>iOS 11</td>\r\n                        </tr>\r\n                        <tr>\r\n                            <td style=\"background-color: #f2f2f2;\">Back Camera</td>\r\n                            <td>2 camera 12 MP</td>\r\n                        </tr>\r\n                        <tr>\r\n                            <td style=\"background-color: #f2f2f2;\">Front Camera</td>\r\n                            <td>7 MP</td>\r\n                        </tr>\r\n                        <tr>\r\n                            <td style=\"background-color: #f2f2f2;\">CPU</td>\r\n                            <td>Apple A11 Bionic 6 nhân</td>\r\n                        </tr>\r\n                        <tr>\r\n                            <td style=\"background-color: #f2f2f2;\">RAM</td>\r\n                            <td>3 GB</td>\r\n                        </tr>\r\n                        <tr>\r\n                            <td style=\"background-color: #f2f2f2;\">ROM</td>\r\n                            <td>256 GB</td>\r\n                        </tr>\r\n			<tr>\r\n                            <td style=\"background-color: #f2f2f2;\">Memory Card</td>\r\n                            <td>MicroSD, 256 GB</td>\r\n                        </tr>\r\n			<tr>\r\n                            <td style=\"background-color: #f2f2f2;\">SIM Card</td>\r\n                            <td>1 Nano SIM</td>\r\n                        </tr>\r\n                        <tr>\r\n                            <td style=\"background-color: #f2f2f2;\">Battery Capacity</td>\r\n                            <td>2716 mAh</td>\r\n                        </tr>', 10, 878, 98, 34790000, '2018-06-01'),
(12, 'Iphone 6S 128GB', 1, 2, '<tr>\r\n                            <td style=\"background-color: #f2f2f2;\">Screen</td>\r\n                            <td>LED-backlit IPS LCD, 5.5\", Retina HD</td>\r\n                        </tr>\r\n                        <tr>\r\n                            <td style=\"background-color: #f2f2f2;\">OS</td>\r\n                            <td>iOS 11</td>\r\n                        </tr>\r\n                        <tr>\r\n                            <td style=\"background-color: #f2f2f2;\">Back Camera</td>\r\n                            <td>12 MP</td>\r\n                        </tr>\r\n                        <tr>\r\n                            <td style=\"background-color: #f2f2f2;\">Front Camera</td>\r\n                            <td>5 MP</td>\r\n                        </tr>\r\n                        <tr>\r\n                            <td style=\"background-color: #f2f2f2;\">CPU</td>\r\n                            <td>Apple A9 2 nhân 64-bit</td>\r\n                        </tr>\r\n                        <tr>\r\n                            <td style=\"background-color: #f2f2f2;\">RAM</td>\r\n                            <td>2 GB</td>\r\n                        </tr>\r\n                        <tr>\r\n                            <td style=\"background-color: #f2f2f2;\">ROM</td>\r\n                            <td>128 GB</td>\r\n                        </tr>\r\n			<tr>\r\n                            <td style=\"background-color: #f2f2f2;\">Memory Card</td>\r\n                            <td>MicroSD, 256 GB</td>\r\n                        </tr>\r\n			<tr>\r\n                            <td style=\"background-color: #f2f2f2;\">SIM Card</td>\r\n                            <td>1 Nano SIM</td>\r\n                        </tr>\r\n                        <tr>\r\n                            <td style=\"background-color: #f2f2f2;\">Battery Capacity</td>\r\n                            <td>2750 mAh</td>\r\n                        </tr>', 20, 767, 89, 12490000, '2018-05-01'),
(13, 'Iphone 7 Plus 128GB', 1, 2, '<tr>\r\n                            <td style=\"background-color: #f2f2f2;\">Screen</td>\r\n                            <td>LED-backlit IPS LCD, 5.5\", Retina HD</td>\r\n                        </tr>\r\n                        <tr>\r\n                            <td style=\"background-color: #f2f2f2;\">OS</td>\r\n                            <td>iOS 11</td>\r\n                        </tr>\r\n                        <tr>\r\n                            <td style=\"background-color: #f2f2f2;\">Back Camera</td>\r\n                            <td>2 camera 12 MP</td>\r\n                        </tr>\r\n                        <tr>\r\n                            <td style=\"background-color: #f2f2f2;\">Front Camera</td>\r\n                            <td>7 MP</td>\r\n                        </tr>\r\n                        <tr>\r\n                            <td style=\"background-color: #f2f2f2;\">CPU</td>\r\n                            <td>Apple A10 Fusion 4 nhân 64-bit</td>\r\n                        </tr>\r\n                        <tr>\r\n                            <td style=\"background-color: #f2f2f2;\">RAM</td>\r\n                            <td>3 GB</td>\r\n                        </tr>\r\n                        <tr>\r\n                            <td style=\"background-color: #f2f2f2;\">ROM</td>\r\n                            <td>128 GB</td>\r\n                        </tr>\r\n			<tr>\r\n                            <td style=\"background-color: #f2f2f2;\">SIM Card</td>\r\n                            <td>1 Nano SIM</td>\r\n                        </tr>\r\n                        <tr>\r\n                            <td style=\"background-color: #f2f2f2;\">Battery Capacity</td>\r\n                            <td>2900 mAh</td>\r\n                        </tr>', 18, 878, 67, 22990000, '2018-04-01'),
(14, 'Iphone 8 256GB', 1, 2, '<tr>\r\n                            <td style=\"background-color: #f2f2f2;\">Screen</td>\r\n                            <td>LED-backlit IPS LCD, 4.7\", Retina HD</td>\r\n                        </tr>\r\n                        <tr>\r\n                            <td style=\"background-color: #f2f2f2;\">OS</td>\r\n                            <td>iOS 11</td>\r\n                        </tr>\r\n                        <tr>\r\n                            <td style=\"background-color: #f2f2f2;\">Back Camera</td>\r\n                            <td>12 MP</td>\r\n                        </tr>\r\n                        <tr>\r\n                            <td style=\"background-color: #f2f2f2;\">Front Camera</td>\r\n                            <td>7 MP</td>\r\n                        </tr>\r\n                        <tr>\r\n                            <td style=\"background-color: #f2f2f2;\">CPU</td>\r\n                            <td>Apple A11 Bionic 6 core</td>\r\n                        </tr>\r\n                        <tr>\r\n                            <td style=\"background-color: #f2f2f2;\">RAM</td>\r\n                            <td>2 GB</td>\r\n                        </tr>\r\n                        <tr>\r\n                            <td style=\"background-color: #f2f2f2;\">ROM</td>\r\n                            <td>256 GB</td>\r\n                        </tr>\r\n			<tr>\r\n                            <td style=\"background-color: #f2f2f2;\">SIM Card</td>\r\n                            <td>1 Nano SIM</td>\r\n                        </tr>\r\n                        <tr>\r\n                            <td style=\"background-color: #f2f2f2;\">Battery Capacity</td>\r\n                            <td>1821 mAh</td>\r\n                        </tr>', 20, 787, 78, 25790000, '2018-03-01'),
(15, 'Iphone 8 Plus 256GB', 1, 2, '<tr>\r\n                            <td style=\"background-color: #f2f2f2;\">Screen</td>\r\n                            <td>LED-backlit IPS LCD, 5.5\", Retina HD</td>\r\n                        </tr>\r\n                        <tr>\r\n                            <td style=\"background-color: #f2f2f2;\">OS</td>\r\n                            <td>iOS 11</td>\r\n                        </tr>\r\n                        <tr>\r\n                            <td style=\"background-color: #f2f2f2;\">Back Camera</td>\r\n                            <td>2 camera 12 MP</td>\r\n                        </tr>\r\n                        <tr>\r\n                            <td style=\"background-color: #f2f2f2;\">Front Camera</td>\r\n                            <td>7 MP</td>\r\n                        </tr>\r\n                        <tr>\r\n                            <td style=\"background-color: #f2f2f2;\">CPU</td>\r\n                            <td>Apple A11 Bionic 6 core</td>\r\n                        </tr>\r\n                        <tr>\r\n                            <td style=\"background-color: #f2f2f2;\">RAM</td>\r\n                            <td>3 GB</td>\r\n                        </tr>\r\n                        <tr>\r\n                            <td style=\"background-color: #f2f2f2;\">ROM</td>\r\n                            <td>256 GB</td>\r\n                        </tr>\r\n			<tr>\r\n                            <td style=\"background-color: #f2f2f2;\">SIM Card</td>\r\n                            <td>1 Nano SIM</td>\r\n                        </tr>\r\n                        <tr>\r\n                            <td style=\"background-color: #f2f2f2;\">Battery Capacity</td>\r\n                            <td>2691 mAh</td>\r\n                        </tr>', 20, 897, 76, 28790000, '2018-02-01'),
(16, 'Nokia 2', 1, 9, '<tr>\r\n                            <td style=\"background-color: #f2f2f2;\">Screen</td>\r\n                            <td>LTPS LCD, 5\", HD</td>\r\n                        </tr>\r\n                        <tr>\r\n                            <td style=\"background-color: #f2f2f2;\">OS</td>\r\n                            <td>Android 7.1 (Nougat)</td>\r\n                        </tr>\r\n                        <tr>\r\n                            <td style=\"background-color: #f2f2f2;\">Back Camera</td>\r\n                            <td>8 MP</td>\r\n                        </tr>\r\n                        <tr>\r\n                            <td style=\"background-color: #f2f2f2;\">Front Camera</td>\r\n                            <td>5 MP</td>\r\n                        </tr>\r\n                        <tr>\r\n                            <td style=\"background-color: #f2f2f2;\">CPU</td>\r\n                            <td>Qualcomm Snapdragon 212 4 nhân 32-bit</td>\r\n                        </tr>\r\n                        <tr>\r\n                            <td style=\"background-color: #f2f2f2;\">RAM</td>\r\n                            <td>1 GB</td>\r\n                        </tr>\r\n                        <tr>\r\n                            <td style=\"background-color: #f2f2f2;\">ROM</td>\r\n                            <td>8 GB</td>\r\n                        </tr>\r\n			<tr>\r\n                            <td style=\"background-color: #f2f2f2;\">Memory Card</td>\r\n                            <td>MicroSD, 128 GB</td>\r\n                        </tr>\r\n			<tr>\r\n                            <td style=\"background-color: #f2f2f2;\">SIM Card</td>\r\n                            <td>2 Nano SIM</td>\r\n                        </tr>\r\n                        <tr>\r\n                            <td style=\"background-color: #f2f2f2;\">Battery Capacity</td>\r\n                            <td>4100 mAh</td>\r\n                        </tr>', 20, 877, 78, 2190000, '2018-06-01'),
(17, 'Nokia 3', 1, 9, '<tr>\r\n                            <td style=\"background-color: #f2f2f2;\">Screen</td>\r\n                            <td>LTPS LCD, 5\", HD</td>\r\n                        </tr>\r\n                        <tr>\r\n                            <td style=\"background-color: #f2f2f2;\">OS</td>\r\n                            <td>Android 7.0 (Nougat)</td>\r\n                        </tr>\r\n                        <tr>\r\n                            <td style=\"background-color: #f2f2f2;\">Back Camera</td>\r\n                            <td>8 MP</td>\r\n                        </tr>\r\n                        <tr>\r\n                            <td style=\"background-color: #f2f2f2;\">Front Camera</td>\r\n                            <td>8 MP</td>\r\n                        </tr>\r\n                        <tr>\r\n                            <td style=\"background-color: #f2f2f2;\">CPU</td>\r\n                            <td>MT6737 4 core</td>\r\n                        </tr>\r\n                        <tr>\r\n                            <td style=\"background-color: #f2f2f2;\">RAM</td>\r\n                            <td>2 GB</td>\r\n                        </tr>\r\n                        <tr>\r\n                            <td style=\"background-color: #f2f2f2;\">ROM</td>\r\n                            <td>16 GB</td>\r\n                        </tr>\r\n			<tr>\r\n                            <td style=\"background-color: #f2f2f2;\">Memory Card</td>\r\n                            <td>MicroSD, 128 GB</td>\r\n                        </tr>\r\n			<tr>\r\n                            <td style=\"background-color: #f2f2f2;\">SIM Card</td>\r\n                            <td>2 Nano SIM</td>\r\n                        </tr>\r\n                        <tr>\r\n                            <td style=\"background-color: #f2f2f2;\">Battery Capacity</td>\r\n                            <td>2630 mAh</td>\r\n                        </tr>', 15, 876, 98, 2790000, '2018-05-01'),
(18, 'Nokia 5', 1, 9, '<tr>\r\n                            <td style=\"background-color: #f2f2f2;\">Screen</td>\r\n                            <td>LTPS LCD, 5.2\", HD</td>\r\n                        </tr>\r\n                        <tr>\r\n                            <td style=\"background-color: #f2f2f2;\">OS</td>\r\n                            <td>Android 7.1 (Nougat)</td>\r\n                        </tr>\r\n                        <tr>\r\n                            <td style=\"background-color: #f2f2f2;\">Back Camera</td>\r\n                            <td>13 MP</td>\r\n                        </tr>\r\n                        <tr>\r\n                            <td style=\"background-color: #f2f2f2;\">Front Camera</td>\r\n                            <td>8 MP</td>\r\n                        </tr>\r\n                        <tr>\r\n                            <td style=\"background-color: #f2f2f2;\">CPU</td>\r\n                            <td>Qualcomm Snapdragon 430 8 core 64 bit</td>\r\n                        </tr>\r\n                        <tr>\r\n                            <td style=\"background-color: #f2f2f2;\">RAM</td>\r\n                            <td>2 GB</td>\r\n                        </tr>\r\n                        <tr>\r\n                            <td style=\"background-color: #f2f2f2;\">ROM</td>\r\n                            <td>16 GB</td>\r\n                        </tr>\r\n			<tr>\r\n                            <td style=\"background-color: #f2f2f2;\">Memory Card</td>\r\n                            <td>MicroSD, 128 GB</td>\r\n                        </tr>\r\n			<tr>\r\n                            <td style=\"background-color: #f2f2f2;\">SIM Card</td>\r\n                            <td>2 Nano SIM</td>\r\n                        </tr>\r\n                        <tr>\r\n                            <td style=\"background-color: #f2f2f2;\">Battery Capacity</td>\r\n                            <td>3000 mAh</td>\r\n                        </tr>', 5, 670, 67, 3860000, '2018-04-01'),
(19, 'Nokia 6', 1, 9, '<tr>\r\n                            <td style=\"background-color: #f2f2f2;\">Screen</td>\r\n                            <td>LTPS LCD, 5.5\", Full HD</td>\r\n                        </tr>\r\n                        <tr>\r\n                            <td style=\"background-color: #f2f2f2;\">OS</td>\r\n                            <td>Android 7.0 (Nougat)</td>\r\n                        </tr>\r\n                        <tr>\r\n                            <td style=\"background-color: #f2f2f2;\">Back Camera</td>\r\n                            <td>16 MP</td>\r\n                        </tr>\r\n                        <tr>\r\n                            <td style=\"background-color: #f2f2f2;\">Front Camera</td>\r\n                            <td>8 MP</td>\r\n                        </tr>\r\n                        <tr>\r\n                            <td style=\"background-color: #f2f2f2;\">CPU</td>\r\n                            <td>Qualcomm Snapdragon 430 8 core 64 bit</td>\r\n                        </tr>\r\n                        <tr>\r\n                            <td style=\"background-color: #f2f2f2;\">RAM</td>\r\n                            <td>3 GB</td>\r\n                        </tr>\r\n                        <tr>\r\n                            <td style=\"background-color: #f2f2f2;\">ROM</td>\r\n                            <td>32 GB</td>\r\n                        </tr>\r\n			<tr>\r\n                            <td style=\"background-color: #f2f2f2;\">Memory Card</td>\r\n                            <td>MicroSD, 128 GB</td>\r\n                        </tr>\r\n			<tr>\r\n                            <td style=\"background-color: #f2f2f2;\">SIM Card</td>\r\n                            <td>2 Nano SIM</td>\r\n                        </tr>\r\n                        <tr>\r\n                            <td style=\"background-color: #f2f2f2;\">Battery Capacity</td>\r\n                            <td>3000 mAh</td>\r\n                        </tr>', 16, 909, 78, 5590000, '2018-03-01'),
(20, 'Nokia 7 Plus', 1, 9, '<tr>\r\n                            <td style=\"background-color: #f2f2f2;\">Screen</td>\r\n                            <td>IPS LCD, 6\", Full HD+</td>\r\n                        </tr>\r\n                        <tr>\r\n                            <td style=\"background-color: #f2f2f2;\">OS</td>\r\n                            <td>Android 8.0 (Oreo)</td>\r\n                        </tr>\r\n                        <tr>\r\n                            <td style=\"background-color: #f2f2f2;\">Back Camera</td>\r\n                            <td>12 MP và 13 MP (2 camera)</td>\r\n                        </tr>\r\n                        <tr>\r\n                            <td style=\"background-color: #f2f2f2;\">Front Camera</td>\r\n                            <td>16 MP</td>\r\n                        </tr>\r\n                        <tr>\r\n                            <td style=\"background-color: #f2f2f2;\">CPU</td>\r\n                            <td>Qualcomm Snapdragon 660 8 core</td>\r\n                        </tr>\r\n                        <tr>\r\n                            <td style=\"background-color: #f2f2f2;\">RAM</td>\r\n                            <td>4 GB</td>\r\n                        </tr>\r\n                        <tr>\r\n                            <td style=\"background-color: #f2f2f2;\">ROM</td>\r\n                            <td>64 GB</td>\r\n                        </tr>\r\n			<tr>\r\n                            <td style=\"background-color: #f2f2f2;\">Memory Card</td>\r\n                            <td>MicroSD, 256 GB</td>\r\n                        </tr>\r\n			<tr>\r\n                            <td style=\"background-color: #f2f2f2;\">SIM Card</td>\r\n                            <td>2 Nano SIM</td>\r\n                        </tr>\r\n                        <tr>\r\n                            <td style=\"background-color: #f2f2f2;\">Battery Capacity</td>\r\n                            <td>3800 mAh</td>\r\n                        </tr>', 15, 565, 45, 8990000, '2018-02-01'),
(21, 'Oppo A71 32GB', 1, 4, '<tr>\r\n                            <td style=\"background-color: #f2f2f2;\">Screen</td>\r\n                            <td>IPS LCD, 5.2\", HD</td>\r\n                        </tr>\r\n                        <tr>\r\n                            <td style=\"background-color: #f2f2f2;\">OS</td>\r\n                            <td>Android 7.1 (Nougat)</td>\r\n                        </tr>\r\n                        <tr>\r\n                            <td style=\"background-color: #f2f2f2;\">Back Camera</td>\r\n                            <td>13 MP</td>\r\n                        </tr>\r\n                        <tr>\r\n                            <td style=\"background-color: #f2f2f2;\">Front Camera</td>\r\n                            <td>5 MP</td>\r\n                        </tr>\r\n                        <tr>\r\n                            <td style=\"background-color: #f2f2f2;\">CPU</td>\r\n                            <td>Qualcomm Snapdragon 450 8 nhân 64-bit</td>\r\n                        </tr>\r\n                        <tr>\r\n                            <td style=\"background-color: #f2f2f2;\">RAM</td>\r\n                            <td>3 GB</td>\r\n                        </tr>\r\n                        <tr>\r\n                            <td style=\"background-color: #f2f2f2;\">ROM</td>\r\n                            <td>32 GB</td>\r\n                        </tr>\r\n			<tr>\r\n                            <td style=\"background-color: #f2f2f2;\">Memory Card</td>\r\n                            <td>MicroSD, 256 GB</td>\r\n                        </tr>\r\n			<tr>\r\n                            <td style=\"background-color: #f2f2f2;\">SIM Card</td>\r\n                            <td>2 Nano SIM</td>\r\n                        </tr>\r\n                        <tr>\r\n                            <td style=\"background-color: #f2f2f2;\">Battery Capacity</td>\r\n                            <td>3000 mAh</td>\r\n                        </tr>', 20, 767, 90, 4190000, '2018-06-01'),
(22, 'Oppo A83', 1, 4, '<tr>\r\n                            <td style=\"background-color: #f2f2f2;\">Screen</td>\r\n                            <td>IPS LCD, 5.7\", HD+</td>\r\n                        </tr>\r\n                        <tr>\r\n                            <td style=\"background-color: #f2f2f2;\">OS</td>\r\n                            <td>Android 7.1 (Nougat)</td>\r\n                        </tr>\r\n                        <tr>\r\n                            <td style=\"background-color: #f2f2f2;\">Back Camera</td>\r\n                            <td>13 MP</td>\r\n                        </tr>\r\n                        <tr>\r\n                            <td style=\"background-color: #f2f2f2;\">Front Camera</td>\r\n                            <td>8 MP</td>\r\n                        </tr>\r\n                        <tr>\r\n                            <td style=\"background-color: #f2f2f2;\">CPU</td>\r\n                            <td>Mediatek Helio P23 8 nhân 64-bit</td>\r\n                        </tr>\r\n                        <tr>\r\n                            <td style=\"background-color: #f2f2f2;\">RAM</td>\r\n                            <td>3 GB</td>\r\n                        </tr>\r\n                        <tr>\r\n                            <td style=\"background-color: #f2f2f2;\">ROM</td>\r\n                            <td>32 GB</td>\r\n                        </tr>\r\n			<tr>\r\n                            <td style=\"background-color: #f2f2f2;\">Memory Card</td>\r\n                            <td>MicroSD, 256 GB</td>\r\n                        </tr>\r\n			<tr>\r\n                            <td style=\"background-color: #f2f2f2;\">SIM Card</td>\r\n                            <td>2 Nano SIM</td>\r\n                        </tr>\r\n                        <tr>\r\n                            <td style=\"background-color: #f2f2f2;\">Battery Capacity</td>\r\n                            <td>3180 mAh</td>\r\n                        </tr>', 20, 1230, 134, 4990000, '2018-05-01'),
(23, 'Oppo F3', 1, 4, '<tr>\r\n                            <td style=\"background-color: #f2f2f2;\">Screen</td>\r\n                            <td>IPS LCD, 5.5\", Full HD</td>\r\n                        </tr>\r\n                        <tr>\r\n                            <td style=\"background-color: #f2f2f2;\">OS</td>\r\n                            <td>Android 6.0 (Marshmallow)</td>\r\n                        </tr>\r\n                        <tr>\r\n                            <td style=\"background-color: #f2f2f2;\">Back Camera</td>\r\n                            <td>13 MP</td>\r\n                        </tr>\r\n                        <tr>\r\n                            <td style=\"background-color: #f2f2f2;\">Front Camera</td>\r\n                            <td>16 MP and 8 MP</td>\r\n                        </tr>\r\n                        <tr>\r\n                            <td style=\"background-color: #f2f2f2;\">CPU</td>\r\n                            <td>MT6750T 8 nhân 64-bit</td>\r\n                        </tr>\r\n                        <tr>\r\n                            <td style=\"background-color: #f2f2f2;\">RAM</td>\r\n                            <td>4 GB</td>\r\n                        </tr>\r\n                        <tr>\r\n                            <td style=\"background-color: #f2f2f2;\">ROM</td>\r\n                            <td>64 GB</td>\r\n                        </tr>\r\n			<tr>\r\n                            <td style=\"background-color: #f2f2f2;\">Memory Card</td>\r\n                            <td>MicroSD, 128 GB</td>\r\n                        </tr>\r\n			<tr>\r\n                            <td style=\"background-color: #f2f2f2;\">SIM Card</td>\r\n                            <td>2 Nano SIM</td>\r\n                        </tr>\r\n                        <tr>\r\n                            <td style=\"background-color: #f2f2f2;\">Battery Capacity</td>\r\n                            <td>3200 mAh</td>\r\n                        </tr>', 18, 839, 123, 4990000, '2018-04-01'),
(24, 'Oppo F5', 1, 4, '<tr>\r\n                            <td style=\"background-color: #f2f2f2;\">Screen</td>\r\n                            <td>IPS LCD, 6.0\", Full HD+</td>\r\n                        </tr>\r\n                        <tr>\r\n                            <td style=\"background-color: #f2f2f2;\">OS</td>\r\n                            <td>ColorOS 3.2 (Android 7.1)</td>\r\n                        </tr>\r\n                        <tr>\r\n                            <td style=\"background-color: #f2f2f2;\">Back Camera</td>\r\n                            <td>16 MP</td>\r\n                        </tr>\r\n                        <tr>\r\n                            <td style=\"background-color: #f2f2f2;\">Front Camera</td>\r\n                            <td>20 MP</td>\r\n                        </tr>\r\n                        <tr>\r\n                            <td style=\"background-color: #f2f2f2;\">CPU</td>\r\n                            <td>Mediatek Helio P23 8 core 64-bit</td>\r\n                        </tr>\r\n                        <tr>\r\n                            <td style=\"background-color: #f2f2f2;\">RAM</td>\r\n                            <td>4 GB</td>\r\n                        </tr>\r\n                        <tr>\r\n                            <td style=\"background-color: #f2f2f2;\">ROM</td>\r\n                            <td>32 GB</td>\r\n                        </tr>\r\n			<tr>\r\n                            <td style=\"background-color: #f2f2f2;\">Memory Card</td>\r\n                            <td>MicroSD, 256 GB</td>\r\n                        </tr>\r\n			<tr>\r\n                            <td style=\"background-color: #f2f2f2;\">SIM Card</td>\r\n                            <td>2 Nano SIM</td>\r\n                        </tr>\r\n                        <tr>\r\n                            <td style=\"background-color: #f2f2f2;\">Battery Capacity</td>\r\n                            <td>3200 mAh</td>\r\n                        </tr>', 20, 545, 43, 6990000, '2018-03-01');
INSERT INTO `sanpham` (`STTSanPham`, `TenSP`, `STTLoai`, `STTHang`, `ThongTinSP`, `SoLuong`, `LuotXem`, `LuotMua`, `GiaBan`, `NgayNhapHang`) VALUES
(25, 'Oppo F7', 1, 4, '<tr>\r\n                            <td style=\"background-color: #f2f2f2;\">Screen</td>\r\n                            <td>LTPS LCD, 6.23\", Full HD+</td>\r\n                        </tr>\r\n                        <tr>\r\n                            <td style=\"background-color: #f2f2f2;\">OS</td>\r\n                            <td>ColorOS 5.0 (Android 8.1)</td>\r\n                        </tr>\r\n                        <tr>\r\n                            <td style=\"background-color: #f2f2f2;\">Back Camera</td>\r\n                            <td>16 MP</td>\r\n                        </tr>\r\n                        <tr>\r\n                            <td style=\"background-color: #f2f2f2;\">Front Camera</td>\r\n                            <td>25 MP</td>\r\n                        </tr>\r\n                        <tr>\r\n                            <td style=\"background-color: #f2f2f2;\">CPU</td>\r\n                            <td>MediaTek Helio P60 8 core 64-bit</td>\r\n                        </tr>\r\n                        <tr>\r\n                            <td style=\"background-color: #f2f2f2;\">RAM</td>\r\n                            <td>4 GB</td>\r\n                        </tr>\r\n                        <tr>\r\n                            <td style=\"background-color: #f2f2f2;\">ROM</td>\r\n                            <td>64 GB</td>\r\n                        </tr>\r\n			<tr>\r\n                            <td style=\"background-color: #f2f2f2;\">Memory Card</td>\r\n                            <td>MicroSD, 256 GB</td>\r\n                        </tr>\r\n			<tr>\r\n                            <td style=\"background-color: #f2f2f2;\">SIM Card</td>\r\n                            <td>2 Nano SIM</td>\r\n                        </tr>\r\n                        <tr>\r\n                            <td style=\"background-color: #f2f2f2;\">Battery Capacity</td>\r\n                            <td>3400 mAh</td>\r\n                        </tr>', 15, 1203, 200, 7990000, '2018-02-01'),
(26, 'SamSung Galaxy S8 Plus', 1, 1, '<tr>\r\n                            <td style=\"background-color: #f2f2f2;\">Screen</td>\r\n                            <td>Super AMOLED, 6.2\", Quad HD+ (2K+)</td>\r\n                        </tr>\r\n                        <tr>\r\n                            <td style=\"background-color: #f2f2f2;\">OS</td>\r\n                            <td>Android 7.0 (Nougat)</td>\r\n                        </tr>\r\n                        <tr>\r\n                            <td style=\"background-color: #f2f2f2;\">Back Camera</td>\r\n                            <td>12 MP</td>\r\n                        </tr>\r\n                        <tr>\r\n                            <td style=\"background-color: #f2f2f2;\">Front Camera</td>\r\n                            <td>8 MP</td>\r\n                        </tr>\r\n                        <tr>\r\n                            <td style=\"background-color: #f2f2f2;\">CPU</td>\r\n                            <td>Exynos 8895 8 nhân 64-bit</td>\r\n                        </tr>\r\n                        <tr>\r\n                            <td style=\"background-color: #f2f2f2;\">RAM</td>\r\n                            <td>4 GB</td>\r\n                        </tr>\r\n                        <tr>\r\n                            <td style=\"background-color: #f2f2f2;\">ROM</td>\r\n                            <td>64 GB</td>\r\n                        </tr>\r\n			<tr>\r\n                            <td style=\"background-color: #f2f2f2;\">Memory Card</td>\r\n                            <td>MicroSD, 256 GB</td>\r\n                        </tr>\r\n			<tr>\r\n                            <td style=\"background-color: #f2f2f2;\">SIM Card</td>\r\n                            <td>2 Nano SIM</td>\r\n                        </tr>\r\n                        <tr>\r\n                            <td style=\"background-color: #f2f2f2;\">Battery Capacity</td>\r\n                            <td>3500 mAh</td>\r\n                        </tr>', 40, 1540, 230, 17990000, '2018-06-01'),
(27, 'SamSung Galaxy A8 Plus', 1, 1, '<tr>\r\n                            <td style=\"background-color: #f2f2f2;\">Screen</td>\r\n                            <td>Super AMOLED, 6\", Full HD+</td>\r\n                        </tr>\r\n                        <tr>\r\n                            <td style=\"background-color: #f2f2f2;\">OS</td>\r\n                            <td>Android 7.1 (Nougat)</td>\r\n                        </tr>\r\n                        <tr>\r\n                            <td style=\"background-color: #f2f2f2;\">Back Camera</td>\r\n                            <td>16 MP</td>\r\n                        </tr>\r\n                        <tr>\r\n                            <td style=\"background-color: #f2f2f2;\">Front Camera</td>\r\n                            <td>16 MP and 8 MP</td>\r\n                        </tr>\r\n                        <tr>\r\n                            <td style=\"background-color: #f2f2f2;\">CPU</td>\r\n                            <td>Exynos 7885 8 core 64-bit</td>\r\n                        </tr>\r\n                        <tr>\r\n                            <td style=\"background-color: #f2f2f2;\">RAM</td>\r\n                            <td>6 GB</td>\r\n                        </tr>\r\n                        <tr>\r\n                            <td style=\"background-color: #f2f2f2;\">ROM</td>\r\n                            <td>64 GB</td>\r\n                        </tr>\r\n			<tr>\r\n                            <td style=\"background-color: #f2f2f2;\">Memory Card</td>\r\n                            <td>MicroSD, 256 GB</td>\r\n                        </tr>\r\n			<tr>\r\n                            <td style=\"background-color: #f2f2f2;\">SIM Card</td>\r\n                            <td>2 Nano SIM</td>\r\n                        </tr>\r\n                        <tr>\r\n                            <td style=\"background-color: #f2f2f2;\">Battery Capacity</td>\r\n                            <td>3500 mAh</td>\r\n                        </tr>', 20, 1239, 232, 13490000, '2018-05-01'),
(28, 'SamSung Galaxy J7 Plus', 1, 1, '<tr>\r\n                            <td style=\"background-color: #f2f2f2;\">Screen</td>\r\n                            <td>Super AMOLED, 5.5\", Full HD</td>\r\n                        </tr>\r\n                        <tr>\r\n                            <td style=\"background-color: #f2f2f2;\">OS</td>\r\n                            <td>Android 7.0 (Nougat)</td>\r\n                        </tr>\r\n                        <tr>\r\n                            <td style=\"background-color: #f2f2f2;\">Back Camera</td>\r\n                            <td>13 MP và 5 MP (2 camera)</td>\r\n                        </tr>\r\n                        <tr>\r\n                            <td style=\"background-color: #f2f2f2;\">Front Camera</td>\r\n                            <td>16 MP</td>\r\n                        </tr>\r\n                        <tr>\r\n                            <td style=\"background-color: #f2f2f2;\">CPU</td>\r\n                            <td>Mediatek Helio P25 Lite 8 core</td>\r\n                        </tr>\r\n                        <tr>\r\n                            <td style=\"background-color: #f2f2f2;\">RAM</td>\r\n                            <td>4 GB</td>\r\n                        </tr>\r\n                        <tr>\r\n                            <td style=\"background-color: #f2f2f2;\">ROM</td>\r\n                            <td>32 GB</td>\r\n                        </tr>\r\n			<tr>\r\n                            <td style=\"background-color: #f2f2f2;\">Memory Card</td>\r\n                            <td>MicroSD, 256 GB</td>\r\n                        </tr>\r\n			<tr>\r\n                            <td style=\"background-color: #f2f2f2;\">SIM Card</td>\r\n                            <td>2 Nano SIM</td>\r\n                        </tr>\r\n                        <tr>\r\n                            <td style=\"background-color: #f2f2f2;\">Battery Capacity</td>\r\n                            <td>3000 mAh</td>\r\n                        </tr>', 20, 545, 45, 7290000, '2018-04-01'),
(29, 'SamSung Galaxy Note 8', 1, 1, '<tr>\r\n                            <td style=\"background-color: #f2f2f2;\">Screen</td>\r\n                            <td>Super AMOLED, 6.3\", Quad HD+ (2K+)</td>\r\n                        </tr>\r\n                        <tr>\r\n                            <td style=\"background-color: #f2f2f2;\">OS</td>\r\n                            <td>Android 7.1 (Nougat)</td>\r\n                        </tr>\r\n                        <tr>\r\n                            <td style=\"background-color: #f2f2f2;\">Back Camera</td>\r\n                            <td>2 camera 12 MP</td>\r\n                        </tr>\r\n                        <tr>\r\n                            <td style=\"background-color: #f2f2f2;\">Front Camera</td>\r\n                            <td>8 MP</td>\r\n                        </tr>\r\n                        <tr>\r\n                            <td style=\"background-color: #f2f2f2;\">CPU</td>\r\n                            <td>Exynos 8895 8 core 64-bit</td>\r\n                        </tr>\r\n                        <tr>\r\n                            <td style=\"background-color: #f2f2f2;\">RAM</td>\r\n                            <td>6 GB</td>\r\n                        </tr>\r\n                        <tr>\r\n                            <td style=\"background-color: #f2f2f2;\">ROM</td>\r\n                            <td>64 GB</td>\r\n                        </tr>\r\n			<tr>\r\n                            <td style=\"background-color: #f2f2f2;\">Memory Card</td>\r\n                            <td>MicroSD, 256 GB</td>\r\n                        </tr>\r\n			<tr>\r\n                            <td style=\"background-color: #f2f2f2;\">SIM Card</td>\r\n                            <td>2 Nano SIM</td>\r\n                        </tr>\r\n                        <tr>\r\n                            <td style=\"background-color: #f2f2f2;\">Battery Capacity</td>\r\n                            <td>3300 mAh</td>\r\n                        </tr>', 20, 656, 67, 22490000, '2018-03-01'),
(30, 'SamSung Galaxy S9 Plus', 1, 1, '<tr>\r\n                            <td style=\"background-color: #f2f2f2;\">Screen</td>\r\n                            <td>Super AMOLED, 6.2\", Quad HD+ (2K+)</td>\r\n                        </tr>\r\n                        <tr>\r\n                            <td style=\"background-color: #f2f2f2;\">OS</td>\r\n                            <td>Android 8.0 (Oreo)</td>\r\n                        </tr>\r\n                        <tr>\r\n                            <td style=\"background-color: #f2f2f2;\">Back Camera</td>\r\n                            <td>2 camera 12 MP</td>\r\n                        </tr>\r\n                        <tr>\r\n                            <td style=\"background-color: #f2f2f2;\">Front Camera</td>\r\n                            <td>8 MP</td>\r\n                        </tr>\r\n                        <tr>\r\n                            <td style=\"background-color: #f2f2f2;\">CPU</td>\r\n                            <td>Exynos 9810 8 core 64 bit</td>\r\n                        </tr>\r\n                        <tr>\r\n                            <td style=\"background-color: #f2f2f2;\">RAM</td>\r\n                            <td>6 GB</td>\r\n                        </tr>\r\n                        <tr>\r\n                            <td style=\"background-color: #f2f2f2;\">ROM</td>\r\n                            <td>128 GB</td>\r\n                        </tr>\r\n			<tr>\r\n                            <td style=\"background-color: #f2f2f2;\">Memory Card</td>\r\n                            <td>MicroSD, 400 GB</td>\r\n                        </tr>\r\n			<tr>\r\n                            <td style=\"background-color: #f2f2f2;\">SIM Card</td>\r\n                            <td>2 Nano SIM</td>\r\n                        </tr>\r\n                        <tr>\r\n                            <td style=\"background-color: #f2f2f2;\">Battery Capacity</td>\r\n                            <td>3500 mAh</td>\r\n                        </tr>', 20, 1239, 65, 24990000, '2018-02-01'),
(31, 'Tablet Huawei MediaPad M3 8.0 (2017)', 2, 5, '<tr>\r\n                            <td style=\"background-color: #f2f2f2;\">Screen</td>\r\n                            <td>IPS LCD, 8\"</td>\r\n                        </tr>\r\n                        <tr>\r\n                            <td style=\"background-color: #f2f2f2;\">OS</td>\r\n                            <td>Android 7.0 (Nougat)</td>\r\n                        </tr>\r\n                        <tr>\r\n                            <td style=\"background-color: #f2f2f2;\">Back Camera</td>\r\n                            <td>8 MP</td>\r\n                        </tr>\r\n                        <tr>\r\n                            <td style=\"background-color: #f2f2f2;\">Front Camera</td>\r\n                            <td>8 MP</td>\r\n                        </tr>\r\n                        <tr>\r\n                            <td style=\"background-color: #f2f2f2;\">CPU</td>\r\n                            <td>Qualcomm MSM8940, 1.4 GHz</td>\r\n                        </tr>\r\n                        <tr>\r\n                            <td style=\"background-color: #f2f2f2;\">RAM</td>\r\n                            <td>3 GB</td>\r\n                        </tr>\r\n                        <tr>\r\n                            <td style=\"background-color: #f2f2f2;\">ROM</td>\r\n                            <td>32 GB</td>\r\n                        </tr>\r\n			<tr>\r\n                            <td style=\"background-color: #f2f2f2;\">Network</td>\r\n                            <td>WiFi, 3G, 4G LTE</td>\r\n                        </tr>\r\n			<tr>\r\n                            <td style=\"background-color: #f2f2f2;\">SIM Card</td>\r\n                            <td>2 Nano SIM</td>\r\n                        </tr>\r\n                        <tr>\r\n                            <td style=\"background-color: #f2f2f2;\">Battery Capacity</td>\r\n                            <td>4800 mAh</td>\r\n                        </tr>', 20, 656, 54, 5990000, '2018-06-01'),
(32, 'Tablet Huawei MediaPad T1 8.0', 2, 5, '<tr>\r\n                            <td style=\"background-color: #f2f2f2;\">Screen</td>\r\n                            <td>IPS WXGA, 8\"</td>\r\n                        </tr>\r\n                        <tr>\r\n                            <td style=\"background-color: #f2f2f2;\">OS</td>\r\n                            <td>Android 4.3</td>\r\n                        </tr>\r\n                        <tr>\r\n                            <td style=\"background-color: #f2f2f2;\">Back Camera</td>\r\n                            <td>8 MP</td>\r\n                        </tr>\r\n                        <tr>\r\n                            <td style=\"background-color: #f2f2f2;\">Front Camera</td>\r\n                            <td>5 MP</td>\r\n                        </tr>\r\n                        <tr>\r\n                            <td style=\"background-color: #f2f2f2;\">CPU</td>\r\n                            <td>ARM Cortex A7 (MSM 8210) 4 core, 1.2 GHz</td>\r\n                        </tr>\r\n                        <tr>\r\n                            <td style=\"background-color: #f2f2f2;\">RAM</td>\r\n                            <td>1 GB</td>\r\n                        </tr>\r\n                        <tr>\r\n                            <td style=\"background-color: #f2f2f2;\">ROM</td>\r\n                            <td>8 GB</td>\r\n                        </tr>\r\n			<tr>\r\n                            <td style=\"background-color: #f2f2f2;\">Network</td>\r\n                            <td>WiFi, 3G</td>\r\n                        </tr>\r\n			<tr>\r\n                            <td style=\"background-color: #f2f2f2;\">SIM Card</td>\r\n                            <td>Micro SIM</td>\r\n                        </tr>\r\n                        <tr>\r\n                            <td style=\"background-color: #f2f2f2;\">Battery Capacity</td>\r\n                            <td>4800 mAh</td>\r\n                        </tr>', 20, 1230, 203, 2990000, '2018-05-01'),
(33, 'Tablet Huawei MediaPad T1-701u', 2, 5, '<tr>\r\n                            <td style=\"background-color: #f2f2f2;\">Screen</td>\r\n                            <td>WSVGA - IPS, 7\"</td>\r\n                        </tr>\r\n                        <tr>\r\n                            <td style=\"background-color: #f2f2f2;\">OS</td>\r\n                            <td>Android 4.4</td>\r\n                        </tr>\r\n                        <tr>\r\n                            <td style=\"background-color: #f2f2f2;\">Back Camera</td>\r\n                            <td>2 MP</td>\r\n                        </tr>\r\n                        <tr>\r\n                            <td style=\"background-color: #f2f2f2;\">Front Camera</td>\r\n                            <td>2 MP</td>\r\n                        </tr>\r\n                        <tr>\r\n                            <td style=\"background-color: #f2f2f2;\">CPU</td>\r\n                            <td>Spreadtrum SC7731G 4 core, 1.2 GHz</td>\r\n                        </tr>\r\n                        <tr>\r\n                            <td style=\"background-color: #f2f2f2;\">RAM</td>\r\n                            <td>1 GB</td>\r\n                        </tr>\r\n                        <tr>\r\n                            <td style=\"background-color: #f2f2f2;\">ROM</td>\r\n                            <td>8 GB</td>\r\n                        </tr>\r\n			<tr>\r\n                            <td style=\"background-color: #f2f2f2;\">Network</td>\r\n                            <td>WiFi, 3G</td>\r\n                        </tr>\r\n			<tr>\r\n                            <td style=\"background-color: #f2f2f2;\">SIM Card</td>\r\n                            <td>Micro SIM</td>\r\n                        </tr>\r\n                        <tr>\r\n                            <td style=\"background-color: #f2f2f2;\">Battery Capacity</td>\r\n                            <td>4800 mAh</td>\r\n                        </tr>', 20, 545, 34, 2090000, '2018-04-01'),
(34, 'Tablet Huawei MediaPad T3 8.0 (2017)', 2, 5, '<tr>\r\n                            <td style=\"background-color: #f2f2f2;\">Screen</td>\r\n                            <td>IPS LCD, 8\"</td>\r\n                        </tr>\r\n                        <tr>\r\n                            <td style=\"background-color: #f2f2f2;\">OS</td>\r\n                            <td>Android 7.0</td>\r\n                        </tr>\r\n                        <tr>\r\n                            <td style=\"background-color: #f2f2f2;\">Back Camera</td>\r\n                            <td>5 MP</td>\r\n                        </tr>\r\n                        <tr>\r\n                            <td style=\"background-color: #f2f2f2;\">Front Camera</td>\r\n                            <td>2 MP</td>\r\n                        </tr>\r\n                        <tr>\r\n                            <td style=\"background-color: #f2f2f2;\">CPU</td>\r\n                            <td>Qualcomm MSM8917, 1.4 GHz</td>\r\n                        </tr>\r\n                        <tr>\r\n                            <td style=\"background-color: #f2f2f2;\">RAM</td>\r\n                            <td>2 GB</td>\r\n                        </tr>\r\n                        <tr>\r\n                            <td style=\"background-color: #f2f2f2;\">ROM</td>\r\n                            <td>16 GB</td>\r\n                        </tr>\r\n			<tr>\r\n                            <td style=\"background-color: #f2f2f2;\">Network</td>\r\n                            <td>WiFi, 3G, 4G LTE</td>\r\n                        </tr>\r\n			<tr>\r\n                            <td style=\"background-color: #f2f2f2;\">SIM Card</td>\r\n                            <td>Nano SIM</td>\r\n                        </tr>\r\n                        <tr>\r\n                            <td style=\"background-color: #f2f2f2;\">Battery Capacity</td>\r\n                            <td>4800 mAh</td>\r\n                        </tr>', 20, 1238, 143, 3990000, '2018-03-01'),
(35, 'Tablet Huawei MediaPad T3 10 (2017)', 2, 5, '<tr>\r\n                            <td style=\"background-color: #f2f2f2;\">Screen</td>\r\n                            <td>PLS LCD, 10\"</td>\r\n                        </tr>\r\n                        <tr>\r\n                            <td style=\"background-color: #f2f2f2;\">OS</td>\r\n                            <td>Android 7.0</td>\r\n                        </tr>\r\n                        <tr>\r\n                            <td style=\"background-color: #f2f2f2;\">Back Camera</td>\r\n                            <td>5 MP</td>\r\n                        </tr>\r\n                        <tr>\r\n                            <td style=\"background-color: #f2f2f2;\">Front Camera</td>\r\n                            <td>2 MP</td>\r\n                        </tr>\r\n                        <tr>\r\n                            <td style=\"background-color: #f2f2f2;\">CPU</td>\r\n                            <td>Qualcomm MSM8917, 1.4 GHz</td>\r\n                        </tr>\r\n                        <tr>\r\n                            <td style=\"background-color: #f2f2f2;\">RAM</td>\r\n                            <td>2 GB</td>\r\n                        </tr>\r\n                        <tr>\r\n                            <td style=\"background-color: #f2f2f2;\">ROM</td>\r\n                            <td>16 GB</td>\r\n                        </tr>\r\n			<tr>\r\n                            <td style=\"background-color: #f2f2f2;\">Network</td>\r\n                            <td>WiFi, 3G, 4G LTE</td>\r\n                        </tr>\r\n			<tr>\r\n                            <td style=\"background-color: #f2f2f2;\">SIM Card</td>\r\n                            <td>Nano SIM</td>\r\n                        </tr>\r\n                        <tr>\r\n                            <td style=\"background-color: #f2f2f2;\">Battery Capacity</td>\r\n                            <td>4800 mAh</td>\r\n                        </tr>', 20, 556, 43, 4490000, '2018-02-01'),
(36, 'IPad Mini 4 Wifi 128GB', 2, 2, '<tr>\r\n                            <td style=\"background-color: #f2f2f2;\">Screen</td>\r\n                            <td>LED backlit LCD, 7.9\"</td>\r\n                        </tr>\r\n                        <tr>\r\n                            <td style=\"background-color: #f2f2f2;\">OS</td>\r\n                            <td>iOS 10</td>\r\n                        </tr>\r\n                        <tr>\r\n                            <td style=\"background-color: #f2f2f2;\">Back Camera</td>\r\n                            <td>8 MP</td>\r\n                        </tr>\r\n                        <tr>\r\n                            <td style=\"background-color: #f2f2f2;\">Front Camera</td>\r\n                            <td>1.2 MP</td>\r\n                        </tr>\r\n                        <tr>\r\n                            <td style=\"background-color: #f2f2f2;\">CPU</td>\r\n                            <td>Apple A8, 1.5 GHz</td>\r\n                        </tr>\r\n                        <tr>\r\n                            <td style=\"background-color: #f2f2f2;\">RAM</td>\r\n                            <td>2 GB</td>\r\n                        </tr>\r\n                        <tr>\r\n                            <td style=\"background-color: #f2f2f2;\">ROM</td>\r\n                            <td>128 GB</td>\r\n                        </tr>\r\n			<tr>\r\n                            <td style=\"background-color: #f2f2f2;\">Network</td>\r\n                            <td>WiFi</td>\r\n                        </tr>', 20, 1230, 45, 10990000, '2018-06-01'),
(37, 'IPad Pro 9.7 inch Wifi 32GB (2017)', 2, 2, '<tr>\r\n                            <td style=\"background-color: #f2f2f2;\">Screen</td>\r\n                            <td>LED backlit LCD, 9.7\"</td>\r\n                        </tr>\r\n                        <tr>\r\n                            <td style=\"background-color: #f2f2f2;\">OS</td>\r\n                            <td>iOS 10</td>\r\n                        </tr>\r\n                        <tr>\r\n                            <td style=\"background-color: #f2f2f2;\">Back Camera</td>\r\n                            <td>12 MP</td>\r\n                        </tr>\r\n                        <tr>\r\n                            <td style=\"background-color: #f2f2f2;\">Front Camera</td>\r\n                            <td>5 MP</td>\r\n                        </tr>\r\n                        <tr>\r\n                            <td style=\"background-color: #f2f2f2;\">CPU</td>\r\n                            <td>Apple A9X 2 core 64-bit, 2.16 GHz</td>\r\n                        </tr>\r\n                        <tr>\r\n                            <td style=\"background-color: #f2f2f2;\">RAM</td>\r\n                            <td>2 GB</td>\r\n                        </tr>\r\n                        <tr>\r\n                            <td style=\"background-color: #f2f2f2;\">ROM</td>\r\n                            <td>32 GB</td>\r\n                        </tr>\r\n			<tr>\r\n                            <td style=\"background-color: #f2f2f2;\">Network</td>\r\n                            <td>WiFi</td>\r\n                        </tr>', 20, 765, 45, 7990000, '2018-05-01'),
(38, 'IPad Pro 10.5 inch Wifi 64GB (2017)', 2, 2, '<tr>\r\n                            <td style=\"background-color: #f2f2f2;\">Screen</td>\r\n                            <td>IPS LCD, 10.5\"</td>\r\n                        </tr>\r\n                        <tr>\r\n                            <td style=\"background-color: #f2f2f2;\">OS</td>\r\n                            <td>iOS 10</td>\r\n                        </tr>\r\n                        <tr>\r\n                            <td style=\"background-color: #f2f2f2;\">Back Camera</td>\r\n                            <td>12 MP</td>\r\n                        </tr>\r\n                        <tr>\r\n                            <td style=\"background-color: #f2f2f2;\">Front Camera</td>\r\n                            <td>7 MP</td>\r\n                        </tr>\r\n                        <tr>\r\n                            <td style=\"background-color: #f2f2f2;\">CPU</td>\r\n                            <td>Apple A10X 6 core 64-bit</td>\r\n                        </tr>\r\n                        <tr>\r\n                            <td style=\"background-color: #f2f2f2;\">RAM</td>\r\n                            <td>4 GB</td>\r\n                        </tr>\r\n                        <tr>\r\n                            <td style=\"background-color: #f2f2f2;\">ROM</td>\r\n                            <td>64 GB</td>\r\n                        </tr>\r\n			<tr>\r\n                            <td style=\"background-color: #f2f2f2;\">Network</td>\r\n                            <td>WiFi</td>\r\n                        </tr>', 20, 934, 54, 16990000, '2018-04-01'),
(39, 'IPad Pro 10.5 inch Wifi Cellular 64GB (2017)', 2, 2, '<tr>\r\n                            <td style=\"background-color: #f2f2f2;\">Screen</td>\r\n                            <td>IPS LCD, 10.5\"</td>\r\n                        </tr>\r\n                        <tr>\r\n                            <td style=\"background-color: #f2f2f2;\">OS</td>\r\n                            <td>iOS 10</td>\r\n                        </tr>\r\n                        <tr>\r\n                            <td style=\"background-color: #f2f2f2;\">Back Camera</td>\r\n                            <td>12 MP</td>\r\n                        </tr>\r\n                        <tr>\r\n                            <td style=\"background-color: #f2f2f2;\">Front Camera</td>\r\n                            <td>7 MP</td>\r\n                        </tr>\r\n                        <tr>\r\n                            <td style=\"background-color: #f2f2f2;\">CPU</td>\r\n                            <td>Apple A10X 6 core 64-bit</td>\r\n                        </tr>\r\n                        <tr>\r\n                            <td style=\"background-color: #f2f2f2;\">RAM</td>\r\n                            <td>4 GB</td>\r\n                        </tr>\r\n                        <tr>\r\n                            <td style=\"background-color: #f2f2f2;\">ROM</td>\r\n                            <td>64 GB</td>\r\n                        </tr>\r\n			<tr>\r\n                            <td style=\"background-color: #f2f2f2;\">Network</td>\r\n                            <td>WiFi, 3G</td>\r\n                        </tr>', 20, 1239, 120, 12990000, '2018-03-01'),
(40, 'IPad Wifi Cellular 32GB (2017)', 2, 2, '<tr>\r\n                            <td style=\"background-color: #f2f2f2;\">Screen</td>\r\n                            <td>IPS LCD, 9.7\"</td>\r\n                        </tr>\r\n                        <tr>\r\n                            <td style=\"background-color: #f2f2f2;\">OS</td>\r\n                            <td>iOS 10</td>\r\n                        </tr>\r\n                        <tr>\r\n                            <td style=\"background-color: #f2f2f2;\">Back Camera</td>\r\n                            <td>8 MP</td>\r\n                        </tr>\r\n                        <tr>\r\n                            <td style=\"background-color: #f2f2f2;\">Front Camera</td>\r\n                            <td>1.2 MP</td>\r\n                        </tr>\r\n                        <tr>\r\n                            <td style=\"background-color: #f2f2f2;\">CPU</td>\r\n                            <td>Apple A9 2 core 64-bit, 1.84 GHz</td>\r\n                        </tr>\r\n                        <tr>\r\n                            <td style=\"background-color: #f2f2f2;\">RAM</td>\r\n                            <td>2 GB</td>\r\n                        </tr>\r\n                        <tr>\r\n                            <td style=\"background-color: #f2f2f2;\">ROM</td>\r\n                            <td>32 GB</td>\r\n                        </tr>\r\n			<tr>\r\n                            <td style=\"background-color: #f2f2f2;\">Network</td>\r\n                            <td>WiFi, 3G, LTE Cat 4</td>\r\n                        </tr>\r\n			<tr>\r\n                            <td style=\"background-color: #f2f2f2;\">SIM Card</td>\r\n                            <td>Nano SIM</td>\r\n                        </tr>', 20, 239, 26, 10990000, '2018-02-01'),
(41, 'Itel Tab it1702', 2, 6, '<tr>\r\n                            <td style=\"background-color: #f2f2f2;\">Screen</td>\r\n                            <td>IPS LCD, 7\"</td>\r\n                        </tr>\r\n                        <tr>\r\n                            <td style=\"background-color: #f2f2f2;\">OS</td>\r\n                            <td>Android 5.1</td>\r\n                        </tr>\r\n                        <tr>\r\n                            <td style=\"background-color: #f2f2f2;\">Back Camera</td>\r\n                            <td>5 MP</td>\r\n                        </tr>\r\n                        <tr>\r\n                            <td style=\"background-color: #f2f2f2;\">Front Camera</td>\r\n                            <td>2 MP</td>\r\n                        </tr>\r\n                        <tr>\r\n                            <td style=\"background-color: #f2f2f2;\">CPU</td>\r\n                            <td>Spreadtrum SC7731G 4 core, 1.3 GHz</td>\r\n                        </tr>\r\n                        <tr>\r\n                            <td style=\"background-color: #f2f2f2;\">RAM</td>\r\n                            <td>1 GB</td>\r\n                        </tr>\r\n                        <tr>\r\n                            <td style=\"background-color: #f2f2f2;\">ROM</td>\r\n                            <td>16 GB</td>\r\n                        </tr>\r\n			<tr>\r\n                            <td style=\"background-color: #f2f2f2;\">Network</td>\r\n                            <td>WiFi, 3G</td>\r\n                        </tr>\r\n			<tr>\r\n                            <td style=\"background-color: #f2f2f2;\">SIM Card</td>\r\n                            <td>Micro SIM</td>\r\n                        </tr>\r\n                        <tr>\r\n                            <td style=\"background-color: #f2f2f2;\">Battery Capacity</td>\r\n                            <td>3000 mAh</td>\r\n                        </tr>', 20, 654, 45, 1990000, '2018-06-01'),
(42, 'Itel Tab it1703', 2, 6, '<tr>\r\n                            <td style=\"background-color: #f2f2f2;\">Screen</td>\r\n                            <td>IPS LCD, 7\"</td>\r\n                        </tr>\r\n                        <tr>\r\n                            <td style=\"background-color: #f2f2f2;\">OS</td>\r\n                            <td>Android 5.1</td>\r\n                        </tr>\r\n                        <tr>\r\n                            <td style=\"background-color: #f2f2f2;\">Back Camera</td>\r\n                            <td>5 MP</td>\r\n                        </tr>\r\n                        <tr>\r\n                            <td style=\"background-color: #f2f2f2;\">Front Camera</td>\r\n                            <td>2 MP</td>\r\n                        </tr>\r\n                        <tr>\r\n                            <td style=\"background-color: #f2f2f2;\">CPU</td>\r\n                            <td>Spreadtrum SC7731G 4 core, 1.3 GHz</td>\r\n                        </tr>\r\n                        <tr>\r\n                            <td style=\"background-color: #f2f2f2;\">RAM</td>\r\n                            <td>1 GB</td>\r\n                        </tr>\r\n                        <tr>\r\n                            <td style=\"background-color: #f2f2f2;\">ROM</td>\r\n                            <td>16 GB</td>\r\n                        </tr>\r\n			<tr>\r\n                            <td style=\"background-color: #f2f2f2;\">Network</td>\r\n                            <td>WiFi, 3G</td>\r\n                        </tr>\r\n			<tr>\r\n                            <td style=\"background-color: #f2f2f2;\">SIM Card</td>\r\n                            <td>Micro SIM</td>\r\n                        </tr>\r\n                        <tr>\r\n                            <td style=\"background-color: #f2f2f2;\">Battery Capacity</td>\r\n                            <td>6000 mAh</td>\r\n                        </tr>', 20, 567, 98, 2290000, '2018-05-01'),
(43, 'Tablet Lenovo Phab 2', 2, 3, '<tr>\r\n                            <td style=\"background-color: #f2f2f2;\">Screen</td>\r\n                            <td>IPS LCD, 6.4\"</td>\r\n                        </tr>\r\n                        <tr>\r\n                            <td style=\"background-color: #f2f2f2;\">OS</td>\r\n                            <td>Android 6.0 (Marshmallow)</td>\r\n                        </tr>\r\n                        <tr>\r\n                            <td style=\"background-color: #f2f2f2;\">Back Camera</td>\r\n                            <td>13 MP</td>\r\n                        </tr>\r\n                        <tr>\r\n                            <td style=\"background-color: #f2f2f2;\">Front Camera</td>\r\n                            <td>5 MP</td>\r\n                        </tr>\r\n                        <tr>\r\n                            <td style=\"background-color: #f2f2f2;\">CPU</td>\r\n                            <td>MediaTek MT 8735 4 core, 1.3 GHz</td>\r\n                        </tr>\r\n                        <tr>\r\n                            <td style=\"background-color: #f2f2f2;\">RAM</td>\r\n                            <td>3 GB</td>\r\n                        </tr>\r\n                        <tr>\r\n                            <td style=\"background-color: #f2f2f2;\">ROM</td>\r\n                            <td>32 GB</td>\r\n                        </tr>\r\n			<tr>\r\n                            <td style=\"background-color: #f2f2f2;\">Network</td>\r\n                            <td>WiFi, 3G, 4G LTE</td>\r\n                        </tr>\r\n			<tr>\r\n                            <td style=\"background-color: #f2f2f2;\">SIM Card</td>\r\n                            <td>Micro SIM</td>\r\n                        </tr>\r\n                        <tr>\r\n                            <td style=\"background-color: #f2f2f2;\">Battery Capacity</td>\r\n                            <td>4050 mAh</td>\r\n                        </tr>', 20, 1092, 65, 3990000, '2018-04-01'),
(44, 'Lenovo Tab 3 Essential 16GB', 2, 3, '<tr>\r\n                            <td style=\"background-color: #f2f2f2;\">Screen</td>\r\n                            <td>IPS LCD, 7\"</td>\r\n                        </tr>\r\n                        <tr>\r\n                            <td style=\"background-color: #f2f2f2;\">OS</td>\r\n                            <td>Android 5.1</td>\r\n                        </tr>\r\n                        <tr>\r\n                            <td style=\"background-color: #f2f2f2;\">Back Camera</td>\r\n                            <td>2 MP</td>\r\n                        </tr>\r\n                        <tr>\r\n                            <td style=\"background-color: #f2f2f2;\">Front Camera</td>\r\n                            <td>0.3 MP</td>\r\n                        </tr>\r\n                        <tr>\r\n                            <td style=\"background-color: #f2f2f2;\">CPU</td>\r\n                            <td>CPU 4 core, 1.3 GHz</td>\r\n                        </tr>\r\n                        <tr>\r\n                            <td style=\"background-color: #f2f2f2;\">RAM</td>\r\n                            <td>1 GB</td>\r\n                        </tr>\r\n                        <tr>\r\n                            <td style=\"background-color: #f2f2f2;\">ROM</td>\r\n                            <td>16 GB</td>\r\n                        </tr>\r\n			<tr>\r\n                            <td style=\"background-color: #f2f2f2;\">Network</td>\r\n                            <td>WiFi, 3G</td>\r\n                        </tr>\r\n			<tr>\r\n                            <td style=\"background-color: #f2f2f2;\">SIM Card</td>\r\n                            <td>Micro SIM</td>\r\n                        </tr>\r\n                        <tr>\r\n                            <td style=\"background-color: #f2f2f2;\">Battery Capacity</td>\r\n                            <td>3450 mAh</td>\r\n                        </tr>', 20, 454, 23, 2190000, '2018-03-01'),
(45, 'Lenovo Tab 7 Essential 16GB (TB-7304X)', 2, 3, '<tr>\r\n                            <td style=\"background-color: #f2f2f2;\">Screen</td>\r\n                            <td>IPS LCD, 7\"</td>\r\n                        </tr>\r\n                        <tr>\r\n                            <td style=\"background-color: #f2f2f2;\">OS</td>\r\n                            <td>Android 7.0</td>\r\n                        </tr>\r\n                        <tr>\r\n                            <td style=\"background-color: #f2f2f2;\">Back Camera</td>\r\n                            <td>2 MP</td>\r\n                        </tr>\r\n                        <tr>\r\n                            <td style=\"background-color: #f2f2f2;\">Front Camera</td>\r\n                            <td>2 MP</td>\r\n                        </tr>\r\n                        <tr>\r\n                            <td style=\"background-color: #f2f2f2;\">CPU</td>\r\n                            <td>MediaTek MT 8735D 4 core, 1.1 GHz</td>\r\n                        </tr>\r\n                        <tr>\r\n                            <td style=\"background-color: #f2f2f2;\">RAM</td>\r\n                            <td>1 GB</td>\r\n                        </tr>\r\n                        <tr>\r\n                            <td style=\"background-color: #f2f2f2;\">ROM</td>\r\n                            <td>16 GB</td>\r\n                        </tr>\r\n			<tr>\r\n                            <td style=\"background-color: #f2f2f2;\">Network</td>\r\n                            <td>WiFi, 3G, 4G LTE</td>\r\n                        </tr>\r\n			<tr>\r\n                            <td style=\"background-color: #f2f2f2;\">SIM Card</td>\r\n                            <td>Micro SIM</td>\r\n                        </tr>\r\n                        <tr>\r\n                            <td style=\"background-color: #f2f2f2;\">Battery Capacity</td>\r\n                            <td>3450 mAh</td>\r\n                        </tr>', 20, 767, 102, 2390000, '2018-02-01'),
(46, 'Samsung Galaxy Tab A 8.0 (2017)', 2, 1, '<tr>\r\n                            <td style=\"background-color: #f2f2f2;\">Screen</td>\r\n                            <td>PLS TFT, 8\"</td>\r\n                        </tr>\r\n                        <tr>\r\n                            <td style=\"background-color: #f2f2f2;\">OS</td>\r\n                            <td>Android 7.0</td>\r\n                        </tr>\r\n                        <tr>\r\n                            <td style=\"background-color: #f2f2f2;\">Back Camera</td>\r\n                            <td>8 MP</td>\r\n                        </tr>\r\n                        <tr>\r\n                            <td style=\"background-color: #f2f2f2;\">Front Camera</td>\r\n                            <td>5 MP</td>\r\n                        </tr>\r\n                        <tr>\r\n                            <td style=\"background-color: #f2f2f2;\">CPU</td>\r\n                            <td>Qualcomm MSM8917, 1.4 GHz</td>\r\n                        </tr>\r\n                        <tr>\r\n                            <td style=\"background-color: #f2f2f2;\">RAM</td>\r\n                            <td>2 GB</td>\r\n                        </tr>\r\n                        <tr>\r\n                            <td style=\"background-color: #f2f2f2;\">ROM</td>\r\n                            <td>16 GB</td>\r\n                        </tr>\r\n			<tr>\r\n                            <td style=\"background-color: #f2f2f2;\">Network</td>\r\n                            <td>WiFi, 3G, 4G LTE</td>\r\n                        </tr>\r\n			<tr>\r\n                            <td style=\"background-color: #f2f2f2;\">SIM Card</td>\r\n                            <td>Nano SIM</td>\r\n                        </tr>\r\n                        <tr>\r\n                            <td style=\"background-color: #f2f2f2;\">Battery Capacity</td>\r\n                            <td>5000 mAh</td>\r\n                        </tr>', 20, 1203, 54, 5490000, '2018-06-01'),
(47, 'Samsung Galaxy Tab A6 7.0', 2, 1, '<tr>\r\n                            <td style=\"background-color: #f2f2f2;\">Screen</td>\r\n                            <td>TFT LCD, 7\"</td>\r\n                        </tr>\r\n                        <tr>\r\n                            <td style=\"background-color: #f2f2f2;\">OS</td>\r\n                            <td>Android 5.1</td>\r\n                        </tr>\r\n                        <tr>\r\n                            <td style=\"background-color: #f2f2f2;\">Back Camera</td>\r\n                            <td>5 MP</td>\r\n                        </tr>\r\n                        <tr>\r\n                            <td style=\"background-color: #f2f2f2;\">Front Camera</td>\r\n                            <td>2 MP</td>\r\n                        </tr>\r\n                        <tr>\r\n                            <td style=\"background-color: #f2f2f2;\">CPU</td>\r\n                            <td>CPU 4 nhân, 1.3 GHz</td>\r\n                        </tr>\r\n                        <tr>\r\n                            <td style=\"background-color: #f2f2f2;\">RAM</td>\r\n                            <td>1.5 GB</td>\r\n                        </tr>\r\n                        <tr>\r\n                            <td style=\"background-color: #f2f2f2;\">ROM</td>\r\n                            <td>8 GB</td>\r\n                        </tr>\r\n			<tr>\r\n                            <td style=\"background-color: #f2f2f2;\">Network</td>\r\n                            <td>WiFi, 3G, 4G LTE</td>\r\n                        </tr>\r\n			<tr>\r\n                            <td style=\"background-color: #f2f2f2;\">SIM Card</td>\r\n                            <td>Micro SIM</td>\r\n                        </tr>\r\n                        <tr>\r\n                            <td style=\"background-color: #f2f2f2;\">Battery Capacity</td>\r\n                            <td>4000 mAh</td>\r\n                        </tr>', 20, 765, 65, 3590000, '2018-05-01'),
(48, 'Samsung Galaxy Tab A6 10.1 Spen', 2, 1, '<tr>\r\n                            <td style=\"background-color: #f2f2f2;\">Screen</td>\r\n                            <td>PLS LCD, 10.1\"</td>\r\n                        </tr>\r\n                        <tr>\r\n                            <td style=\"background-color: #f2f2f2;\">OS</td>\r\n                            <td>Android 6.0 (Marshmallow)</td>\r\n                        </tr>\r\n                        <tr>\r\n                            <td style=\"background-color: #f2f2f2;\">Back Camera</td>\r\n                            <td>8 MP</td>\r\n                        </tr>\r\n                        <tr>\r\n                            <td style=\"background-color: #f2f2f2;\">Front Camera</td>\r\n                            <td>2 MP</td>\r\n                        </tr>\r\n                        <tr>\r\n                            <td style=\"background-color: #f2f2f2;\">CPU</td>\r\n                            <td>Exynos 7870 8 core, 1.6 GHz</td>\r\n                        </tr>\r\n                        <tr>\r\n                            <td style=\"background-color: #f2f2f2;\">RAM</td>\r\n                            <td>3 GB</td>\r\n                        </tr>\r\n                        <tr>\r\n                            <td style=\"background-color: #f2f2f2;\">ROM</td>\r\n                            <td>16 GB</td>\r\n                        </tr>\r\n			<tr>\r\n                            <td style=\"background-color: #f2f2f2;\">Network</td>\r\n                            <td>WiFi, 3G, 4G LTE</td>\r\n                        </tr>\r\n			<tr>\r\n                            <td style=\"background-color: #f2f2f2;\">SIM Card</td>\r\n                            <td>Nano SIM</td>\r\n                        </tr>\r\n                        <tr>\r\n                            <td style=\"background-color: #f2f2f2;\">Battery Capacity</td>\r\n                            <td>7300 mAh</td>\r\n                        </tr>', 20, 589, 65, 7990000, '2018-04-01'),
(49, 'Samsung Galaxy Tab E 9.6 (SM-T561)', 2, 1, '<tr>\r\n                            <td style=\"background-color: #f2f2f2;\">Screen</td>\r\n                            <td>TFT, 9.6\"</td>\r\n                        </tr>\r\n                        <tr>\r\n                            <td style=\"background-color: #f2f2f2;\">OS</td>\r\n                            <td>Android 4.4</td>\r\n                        </tr>\r\n                        <tr>\r\n                            <td style=\"background-color: #f2f2f2;\">Back Camera</td>\r\n                            <td>5 MP</td>\r\n                        </tr>\r\n                        <tr>\r\n                            <td style=\"background-color: #f2f2f2;\">Front Camera</td>\r\n                            <td>2 MP</td>\r\n                        </tr>\r\n                        <tr>\r\n                            <td style=\"background-color: #f2f2f2;\">CPU</td>\r\n                            <td>Spreadtrum 4 core, 1.3 GHz</td>\r\n                        </tr>\r\n                        <tr>\r\n                            <td style=\"background-color: #f2f2f2;\">RAM</td>\r\n                            <td>1.5 GB</td>\r\n                        </tr>\r\n                        <tr>\r\n                            <td style=\"background-color: #f2f2f2;\">ROM</td>\r\n                            <td>8 GB</td>\r\n                        </tr>\r\n			<tr>\r\n                            <td style=\"background-color: #f2f2f2;\">Network</td>\r\n                            <td>WiFi, 3G</td>\r\n                        </tr>\r\n			<tr>\r\n                            <td style=\"background-color: #f2f2f2;\">SIM Card</td>\r\n                            <td>Micro SIM</td>\r\n                        </tr>\r\n                        <tr>\r\n                            <td style=\"background-color: #f2f2f2;\">Battery Capacity</td>\r\n                            <td>5000 mAh</td>\r\n                        </tr>', 20, 1203, 120, 4490000, '2018-03-01');

-- --------------------------------------------------------

--
-- Table structure for table `sessions`
--

CREATE TABLE `sessions` (
  `session_id` varchar(128) CHARACTER SET utf8mb4 COLLATE utf8mb4_bin NOT NULL,
  `expires` int(11) UNSIGNED NOT NULL,
  `data` text CHARACTER SET utf8mb4 COLLATE utf8mb4_bin
) ENGINE=InnoDB DEFAULT CHARSET=utf8mb4 COLLATE=utf8mb4_unicode_ci;

--
-- Dumping data for table `sessions`
--

INSERT INTO `sessions` (`session_id`, `expires`, `data`) VALUES
('jpyUYA1PvJRBiHARx8Z9XUFNKSrTctHa', 1530277491, '{\"cookie\":{\"originalMaxAge\":null,\"expires\":null,\"httpOnly\":true,\"path\":\"/\"},\"userID\":\"1\",\"cart\":[],\"total\":10990000,\"pay\":false}');

-- --------------------------------------------------------

--
-- Table structure for table `taikhoan`
--

CREATE TABLE `taikhoan` (
  `STTTaiKhoan` int(11) NOT NULL,
  `Email` varchar(30) COLLATE utf8mb4_unicode_ci NOT NULL,
  `MatKhau` varchar(30) COLLATE utf8mb4_unicode_ci NOT NULL,
  `HoTen` varchar(50) COLLATE utf8mb4_unicode_ci NOT NULL,
  `SDT` varchar(20) COLLATE utf8mb4_unicode_ci NOT NULL,
  `LoaiTK` tinyint(1) NOT NULL
) ENGINE=InnoDB DEFAULT CHARSET=utf8mb4 COLLATE=utf8mb4_unicode_ci;

--
-- Dumping data for table `taikhoan`
--

INSERT INTO `taikhoan` (`STTTaiKhoan`, `Email`, `MatKhau`, `HoTen`, `SDT`, `LoaiTK`) VALUES
(1, 'hoangquy4897@gmail.com', 'guest1', '1512447', '083928323', 0),
(2, 'admin@gmail.com', 'admin', 'Mr Admin', '0123456789', 1),
(3, 'guest3.gmail.com', 'guest3', 'Mr Guest 3', '012345678', 0);

--
-- Indexes for dumped tables
--

--
-- Indexes for table `chitietdonhang`
--
ALTER TABLE `chitietdonhang`
  ADD PRIMARY KEY (`STTDonHang`,`STTSanPham`),
  ADD KEY `STTSanPham` (`STTSanPham`);

--
-- Indexes for table `donhang`
--
ALTER TABLE `donhang`
  ADD PRIMARY KEY (`STTDonHang`),
  ADD KEY `STTTaiKhoan` (`STTTaiKhoan`);

--
-- Indexes for table `hangsp`
--
ALTER TABLE `hangsp`
  ADD PRIMARY KEY (`STTHang`),
  ADD KEY `STTHang` (`STTHang`);

--
-- Indexes for table `loaisp`
--
ALTER TABLE `loaisp`
  ADD PRIMARY KEY (`STTLoai`);

--
-- Indexes for table `sanpham`
--
ALTER TABLE `sanpham`
  ADD PRIMARY KEY (`STTSanPham`),
  ADD KEY `STTLoai` (`STTLoai`,`STTHang`),
  ADD KEY `STTHang` (`STTHang`);

--
-- Indexes for table `sessions`
--
ALTER TABLE `sessions`
  ADD PRIMARY KEY (`session_id`);

--
-- Indexes for table `taikhoan`
--
ALTER TABLE `taikhoan`
  ADD PRIMARY KEY (`STTTaiKhoan`);

--
-- AUTO_INCREMENT for dumped tables
--

--
-- AUTO_INCREMENT for table `donhang`
--
ALTER TABLE `donhang`
  MODIFY `STTDonHang` int(11) NOT NULL AUTO_INCREMENT, AUTO_INCREMENT=10;

--
-- AUTO_INCREMENT for table `hangsp`
--
ALTER TABLE `hangsp`
  MODIFY `STTHang` int(11) NOT NULL AUTO_INCREMENT, AUTO_INCREMENT=10;

--
-- AUTO_INCREMENT for table `loaisp`
--
ALTER TABLE `loaisp`
  MODIFY `STTLoai` int(11) NOT NULL AUTO_INCREMENT, AUTO_INCREMENT=3;

--
-- AUTO_INCREMENT for table `sanpham`
--
ALTER TABLE `sanpham`
  MODIFY `STTSanPham` int(11) NOT NULL AUTO_INCREMENT, AUTO_INCREMENT=50;

--
-- AUTO_INCREMENT for table `taikhoan`
--
ALTER TABLE `taikhoan`
  MODIFY `STTTaiKhoan` int(11) NOT NULL AUTO_INCREMENT, AUTO_INCREMENT=4;

--
-- Constraints for dumped tables
--

--
-- Constraints for table `chitietdonhang`
--
ALTER TABLE `chitietdonhang`
  ADD CONSTRAINT `chitietdonhang_ibfk_1` FOREIGN KEY (`STTDonHang`) REFERENCES `donhang` (`STTDonHang`),
  ADD CONSTRAINT `chitietdonhang_ibfk_2` FOREIGN KEY (`STTSanPham`) REFERENCES `sanpham` (`STTSanPham`);

--
-- Constraints for table `donhang`
--
ALTER TABLE `donhang`
  ADD CONSTRAINT `donhang_ibfk_1` FOREIGN KEY (`STTTaiKhoan`) REFERENCES `taikhoan` (`STTTaiKhoan`);

--
-- Constraints for table `sanpham`
--
ALTER TABLE `sanpham`
  ADD CONSTRAINT `sanpham_ibfk_1` FOREIGN KEY (`STTHang`) REFERENCES `hangsp` (`STTHang`),
  ADD CONSTRAINT `sanpham_ibfk_2` FOREIGN KEY (`STTLoai`) REFERENCES `loaisp` (`STTLoai`);
COMMIT;

/*!40101 SET CHARACTER_SET_CLIENT=@OLD_CHARACTER_SET_CLIENT */;
/*!40101 SET CHARACTER_SET_RESULTS=@OLD_CHARACTER_SET_RESULTS */;
/*!40101 SET COLLATION_CONNECTION=@OLD_COLLATION_CONNECTION */;
